행정동_코드,행정동_코드_명,당월_매출_금액,당월_매출_건수,총매출건수,2030_매출건수,피크타임_매출비중,시간대추천,연령대_10_매출_건수,연령대_20_매출_건수,연령대_30_매출_건수,연령대_40_매출_건수,연령대_50_매출_건수,연령대_60_이상_매출_건수,연령대_10_매출_금액,연령대_20_매출_금액,연령대_30_매출_금액,연령대_40_매출_금액,연령대_50_매출_금액,연령대_60_이상_매출_금액,시간대_00~06_매출_금액,시간대_06~11_매출_금액,시간대_11~14_매출_금액,시간대_14~17_매출_금액,시간대_17~21_매출_금액,시간대_21~24_매출_금액,집계_기간수,분기별_매출안정성,2030_매출비율,객단가,새벽_매출비중,오전_매출비중,점심_매출비중,오후_매출비중,저녁_매출비중,심야_매출비중
11110515,청운효자동,4514599538.25,323265.75,310761.25,177318.75,0.3535937440418011,14~17,2119.0,77100.25,100218.5,52721.75,54847.75,23754.0,27424251.5,1144856730.0,1282195102.75,636485357.5,803793488.25,379773676.75,2084154.0,429738256.5,1475672382.5,1579168526.75,951440878.75,76495339.75,4,0.9248467562323414,0.5705947894082676,13965.598082228013,0.0004616475907424301,0.09518856608632445,0.32686672870923494,0.3497914960940556,0.21074756923375051,0.016943992285892093
11110530,사직동,11812130816.5,1173946.75,1082823.5,595632.75,0.40268390017969424,11~14,8540.5,237850.75,357782.0,233018.75,167546.25,78085.25,67029564.25,2320236925.5,3286861638.5,2123185663.25,1549620903.25,861047259.0,51524314.75,1653231690.25,4751077230.5,3021344740.5,1942914523.5,392038317.0,4,0.8995616157094345,0.5500737193088255,10061.89660348734,0.004361983079126357,0.13996049619943693,0.4022201670729355,0.2557832102807037,0.16448467712413098,0.03318946624366654
11110540,삼청동,7643236288.5,429458.75,408374.25,210372.5,0.3776020496302762,11~14,2665.5,90334.75,120037.75,80325.75,68771.5,46239.0,37428474.0,1303914127.0,1907632172.25,1475079583.75,1322002288.0,1013887268.25,787690.0,558840277.5,2811547136.25,2741610568.0,1475610356.5,54840260.25,4,0.813925698655327,0.5151463394178257,17797.37003495679,0.0001030571305488955,0.0731156615347389,0.3678477323120638,0.3586976072066518,0.1930609365983099,0.007175005217686723
11110550,부암동,674051577.25,54539.5,53660.5,28982.25,0.41542533465198306,14~17,2404.25,20066.75,8915.5,6900.5,11680.75,3692.75,11902542.75,166507629.25,147647702.5,108829998.75,143721145.0,70648329.75,460731.25,42128940.5,203168694.25,280725286.75,118369315.0,29198609.5,4,0.8308978871792776,0.5401039871041082,12358.961436206786,0.0006835252160965105,0.06250106360091601,0.30141416637416524,0.4164744898236198,0.17560869078138486,0.04331806420381757
11110560,평창동,305432835.0,31687.5,30557.0,6604.25,0.3659153310480675,11~14,869.25,3269.5,3334.75,10885.5,6834.5,5363.5,7241377.25,23079722.5,32085121.5,70674950.5,63220267.25,64814031.25,0.0,14031277.5,103830154.75,97459687.25,86458263.75,3653451.75,4,0.8856094243454368,0.2161288739077789,9638.906035502958,0.0,0.045938995065805545,0.3399443113246158,0.31908713170933306,0.2830680065880933,0.011961555312152343
11110570,무악동,61179147.25,7714.0,7219.25,1606.5,0.36329099601791764,11~14,43.25,437.0,1169.5,1450.0,2106.25,2013.25,248883.25,2995222.75,8717716.5,10236228.0,15760389.25,14915459.5,0.0,9398148.0,21875215.0,19875014.25,9814760.25,216009.75,4,0.9354003437177014,0.2225300412092669,7930.923936997667,0.0,0.15361685185960156,0.3575599854409543,0.32486582672987485,0.1604265618462016,0.003530774123367664
11110580,교남동,133047862.75,17619.5,16720.5,7859.75,0.40805414353312464,11~14,30.0,2900.0,4959.75,3423.75,2262.0,3145.0,128296.0,14877314.5,36217933.5,24096838.75,18354070.25,23401760.25,0.0,51328264.75,54181360.25,24460893.75,3028783.25,48560.75,4,0.8953914769898182,0.47006668460871387,7551.171301682794,0.0,0.38578796899914874,0.40723209775874436,0.18385033208660093,0.02276461408246109,0.00036498707304488437
11110600,가회동,6092491763.5,520058.5,486036.75,277501.25,0.34796491364799387,14~17,4435.5,123995.5,153505.75,100183.5,70905.75,33010.75,47667694.5,1525791307.0,1643765419.75,1064843605.25,818368529.25,397572435.5,96884.5,800877405.25,2008529962.0,2121634786.5,1074645011.5,86707713.75,4,0.8797133351804175,0.5709470528720307,11715.01237553083,1.590227837162344e-05,0.13145317816398883,0.32967298766541864,0.3482376125989489,0.1763884225397197,0.014231896753552336
11110615,종로1?2?3?4가동,23250251711.75,2405071.5,2183392.5,1071512.25,0.37527958473368217,11~14,11720.0,409841.0,661671.25,460755.25,376500.75,262904.25,118298545.25,3678821141.75,5279194862.25,4028129221.25,3443611836.25,2999168488.25,56584240.5,2866608775.75,8723400853.25,5742558241.75,4742691918.25,1118407682.25,4,0.929544497518653,0.4907556703616047,9667.1769266527,0.0024337044261505338,0.1232936662918492,0.3751959747103059,0.246989078352553,0.20398454077179654,0.04810303544734483
11110630,종로5?6가동,2704380487.75,380126.5,338929.5,149009.25,0.4424915094036015,11~14,1106.25,50772.25,98237.0,72390.5,64728.75,51694.75,6439165.75,313685572.0,555416045.75,418098635.25,382407334.5,398735911.5,1952390.25,523969076.0,1196629165.25,600606675.5,351590953.0,29632227.75,4,0.9397734126540751,0.4396467406938611,7114.422403463058,0.0007219362285905104,0.19374828297032037,0.4424781093749037,0.22208660290982016,0.13000794621636907,0.010957122299996154
11110640,이화동,4441114095.75,477810.75,458967.0,267934.0,0.3166637374101827,11~14,7348.75,125395.75,142538.25,81890.0,69549.75,32244.5,56695844.0,922833619.5,1045665595.25,833917972.25,640839153.0,403235721.25,4575627.0,435120231.0,1369505082.0,1268196814.25,1205511515.25,158204826.25,4,0.9329409301735302,0.5837761756291847,9294.713640808626,0.0010302880991908594,0.09797546778102273,0.30836971365148474,0.2855582601364875,0.2714434912635176,0.035622779068296584
11110650,혜화동,4500333290.0,452630.0,444940.5,276846.25,0.318076652755795,14~17,13197.0,171652.5,105193.75,59622.0,67392.5,27882.75,128353212.0,1675931471.25,1006540541.25,575937592.75,627802151.75,262185284.25,12246816.75,200735781.25,1283362951.75,1418412460.0,1411812326.0,173762954.25,4,0.9514216081686763,0.6222095988115265,9942.631487086583,0.002721313280777033,0.04460464777043213,0.285170646050084,0.3151794252998537,0.31371283747742157,0.03861113012143152
11110670,창신1동,611748268.5,86054.75,83378.75,32929.5,0.28309782586934545,11~14,819.25,13417.25,19512.25,17884.0,17019.5,14726.5,5686113.5,92558046.25,133404690.25,114533735.75,114656636.5,114001777.25,1889632.75,94845682.5,171626777.25,163484533.75,149243322.25,30658320.0,4,0.9779392075529825,0.3949387583766847,7108.826282105288,0.0030889057596082104,0.1550403775274437,0.2805513085812682,0.2672415144727132,0.24396198556629017,0.05011590809267652
11110680,창신2동,129334856.25,22920.5,22455.0,9600.25,0.30006439483868763,14~17,202.25,4135.0,5465.25,3888.25,4678.0,4086.25,1173698.25,23607573.75,28832503.5,19964958.75,23452291.25,23722957.0,32498.75,19462850.5,36560106.0,38629453.75,31828226.25,2821721.0,4,0.9070360983750542,0.4275328434647072,5642.758938504832,0.00025127603603765554,0.1504841855035502,0.2826779033900229,0.2986778264579391,0.2460916351001086,0.021817173512341536
11110690,창신3동,44330552.5,5169.0,5069.0,1923.25,0.36542174303787883,11~14,19.75,686.5,1236.75,1789.5,909.0,427.5,169825.25,4557440.25,8127838.75,12673213.0,8908334.0,4420436.0,0.0,8473269.25,16224385.25,12841429.5,6791468.5,0.0,4,0.9432246589500642,0.3794140856184652,8576.233797639776,0.0,0.19113836332177453,0.3659865337793839,0.28967447450604183,0.15320062839279974,0.0
11110700,숭인1동,36504401.25,4464.5,4294.75,1548.0,0.35781585239297076,14~17,58.5,341.0,1207.0,1439.75,747.5,501.0,352682.0,2127214.0,6974140.5,10676837.5,5280956.25,4492305.25,0.0,5422758.0,11352095.25,12540766.5,7016834.25,171947.25,4,0.9349189864107235,0.3604400721811514,8176.593403516631,0.0,0.14855079974774274,0.31097880971270553,0.3435412188824765,0.19221885607560815,0.0047103155814670426
11110710,숭인2동,378468396.75,71827.5,69635.0,31413.25,0.3606502372961552,11~14,575.75,14287.0,17126.25,12105.5,14117.5,11423.0,2776133.5,69327417.75,87450210.25,66161456.25,74332565.0,57641705.25,5851.5,67235385.75,136195075.0,104021020.75,68607741.5,2403322.25,4,0.9222524596032838,0.4511129460759675,5269.1294664299885,1.546100031138201e-05,0.1776512552365444,0.3598585143952313,0.274847309955742,0.18127733276847244,0.006350126643698421
11140520,소공동,19421033610.25,1991456.75,1840948.25,922030.5,0.47861642177628294,11~14,5040.0,268154.5,653876.0,530451.0,298116.0,85310.75,26138804.0,1358899054.5,4501388294.25,5448299343.5,3603580578.0,1650457603.0,7114182.25,4203830947.75,9277035376.5,4298219421.75,1376896766.75,257936915.25,4,0.780003462508268,0.5008454202881586,9752.174437255542,0.0003663132659553861,0.21645763207635402,0.47767979617746925,0.22131774796381037,0.07089719292918086,0.01328131758723009
11140540,회현동,9217725306.75,1218621.5,1099908.75,481012.25,0.489115714210342,11~14,2061.5,117787.75,363224.5,304341.5,196727.5,115766.0,12197372.75,675846932.75,2176967442.5,1873439730.0,1278665719.25,963329865.0,4110083.0,2029989211.0,4511425061.75,1878203101.5,686640430.25,107357419.25,4,0.9156342489958503,0.43732014132990576,7564.059313535827,0.00044588907384669497,0.2202266983930916,0.48942932357144037,0.20375993414824592,0.07449130966695044,0.011646845146424986
11140550,명동,22129618886.25,2453056.25,2185700.75,1089211.0,0.42001321811235437,11~14,15140.75,393363.0,695848.0,555849.25,356832.25,168667.5,138057838.25,3207007282.25,5280049165.75,4375629172.25,2877622449.25,1629890928.0,2934644.0,4032465831.25,9299696454.0,4805330586.5,3344790007.5,644401363.0,4,0.9514857397207479,0.49833491615903963,9021.243963015524,0.00013261159241307176,0.18222030175836101,0.4202375333168646,0.21714475116811616,0.15114539589193962,0.029119406272305567
11140570,필동,3986568929.25,588464.75,538842.25,305082.75,0.47253186238872746,11~14,8905.25,164239.25,140843.5,91450.25,89740.75,43663.25,45491652.75,902949267.75,890805246.75,584073762.25,570449211.75,329183596.0,13696639.0,665432466.0,1882505816.25,834018965.25,528754710.0,62160332.75,4,0.8975792855007024,0.5661819391482387,6774.524607038909,0.003435696019076929,0.16691859034911732,0.4722120323664287,0.20920721052398947,0.13263403176612715,0.015592438975260445
11140580,장충동,1459514889.75,71632.0,67080.0,37710.25,0.43682083775165126,11~14,838.0,16718.75,20991.5,13098.0,9315.0,6118.75,5389642.5,108683934.0,145690021.0,99613334.0,70161255.75,65844856.75,4282.0,78031567.25,257801726.5,166650212.75,600070105.5,356956995.75,4,0.9373260949427425,0.5621683064997018,20375.179944019434,2.9338515352409064e-06,0.05346404329137472,0.17663521510504002,0.11418192025334217,0.4111435311240887,0.24457235637461916
11140590,광희동,3230979688.0,436937.0,410001.75,217823.75,0.34450043300587513,11~14,3558.0,85488.0,132335.75,78652.0,65269.5,44698.5,35242314.25,653514680.25,854387215.25,576973704.0,453487232.5,332665169.5,46720736.0,445498043.75,1107830683.75,854440748.5,636554102.25,139935373.75,4,0.9413579178202267,0.5312751713864636,7394.612239293079,0.014460238228523336,0.13788326971060796,0.3428776379698491,0.2644525286474039,0.19701581678590857,0.043310508657707164
11140605,을지로동,5384733905.75,647028.5,596776.25,286605.25,0.3858957818459581,11~14,2982.0,110109.25,176496.0,144162.0,114332.5,48694.5,29040654.0,1087199754.5,1405475249.5,962121248.25,717472443.5,358658681.5,3321022.5,824311223.25,2076706981.0,1025154325.5,1140317585.0,314922768.5,4,0.9543797483905279,0.4802557910104499,8322.251501672647,0.0006167477461520802,0.15308300051183082,0.3856656647011698,0.19038161280454466,0.21176860453258992,0.05848436970371273
11140615,신당동,1016539222.75,224482.25,217082.75,122143.25,0.24870035064125848,11~14,3776.75,51262.75,70880.5,42988.75,35049.0,13125.0,14656874.75,204991508.5,321077788.5,191472191.5,152676846.25,63884868.0,93946935.75,192485958.25,252793124.75,137029138.0,198703013.25,141581052.75,4,0.9013622763665347,0.5626575580049543,4528.372389130989,0.09241840712830478,0.18935418716975425,0.24868014838240043,0.13479965645526293,0.19547008989230857,0.13927751097196903
11140625,다산동,284281403.5,36023.0,33521.25,16029.0,0.33837715568916865,11~14,234.0,5928.75,10100.25,6314.75,6612.25,4331.25,1420148.75,36860292.25,71198410.75,48133312.5,55624122.75,45401680.25,0.0,34921085.25,96048803.5,73470483.25,72528456.75,7312574.75,4,0.931318036517775,0.47817429242644593,7891.66375648891,0.0,0.12283985100699701,0.3378652360564978,0.25844280471902203,0.2551290934160595,0.02572301480142369
11140635,약수동,373509409.0,45798.0,44720.5,22381.0,0.3925666240100118,11~14,529.0,8875.25,13505.75,7700.75,7699.75,6410.0,3188341.25,69393992.75,110156671.75,56423351.25,61609658.75,58772388.25,507654.0,39534912.75,146471520.0,91676681.5,76014714.25,19303926.5,4,0.9318304032660905,0.5004639930233338,8155.5834097558845,0.0013591464840447967,0.10584716689158424,0.39214947862263894,0.24544677936078446,0.20351485777430575,0.05168257086664181
11140645,청구동,301501209.75,34531.0,33425.0,17859.25,0.3555757050789208,11~14,248.75,6339.5,11519.75,6578.5,5968.75,2769.75,1197584.25,53102281.75,100967786.5,57638440.75,52505086.0,24768522.0,0.0,28428149.75,106843488.5,91344404.75,69893881.25,4991285.5,4,0.9386796464770818,0.5343081525804039,8731.319966117402,0.0,0.09428867556973376,0.3543716742914329,0.30296530095431895,0.2318195714967608,0.01655477768775354
11140650,신당5동,88095588.75,11256.0,10980.0,6072.5,0.29933403268040387,17~21,63.75,3125.0,2947.5,1560.25,1395.75,1887.75,478795.25,20169622.75,20607457.0,11249510.5,12557108.5,15643099.75,43964.25,11937191.0,23205089.5,23806027.75,24811639.75,4291676.5,4,0.957354148516478,0.5530510018214936,7826.5448427505335,0.0004990516622207148,0.1355027098334705,0.2634080755831262,0.2702295096472694,0.2816445193460382,0.04871613392787502
11140665,동화동,173771097.5,19470.0,19026.75,9586.75,0.3106562078655478,11~14,105.5,3826.75,5760.0,2747.75,4311.75,2275.0,758760.0,36539694.5,47768133.75,19485423.25,34686498.5,28744316.25,1108989.5,18733363.0,53205412.5,51946616.75,45740191.75,3036524.0,4,0.9122043691231393,0.5038564126821449,8925.069209039548,0.006381898462717599,0.10780482640388457,0.30618102357326715,0.2989370355447056,0.26322094069757485,0.017474275317850254
11140670,황학동,898604279.75,152080.75,144992.0,65546.5,0.3280835831487785,11~14,564.25,21280.75,44265.75,36177.25,27514.5,15189.5,2891728.5,105115507.75,233165139.25,197345620.0,171650469.5,106831581.25,107633.5,173818936.75,293945245.0,212351630.5,190108493.25,28272340.75,4,0.8792324325736129,0.4520697693665857,5908.731248037638,0.00011977853035592556,0.19343212654001385,0.3271131148872096,0.236312729958373,0.21155974607965358,0.03146250400439404
11140680,중림동,791348400.75,94835.75,87296.5,45697.25,0.5206364791307431,11~14,238.5,15003.75,30693.5,18994.5,15039.25,7327.0,1920422.5,97036212.5,214616140.25,149918818.25,124520766.5,69805763.25,58682.5,126700753.25,411860413.5,144123673.5,99069620.0,9535258.0,4,0.9333511464335421,0.523471731398166,8344.410211866305,7.415507498894758e-05,0.16010742313994625,0.5204539658002209,0.18212417357943336,0.12519090189113521,0.012049380514275336
11170510,후암동,911425197.75,103483.0,93906.75,50153.25,0.5019492267803534,11~14,696.0,15767.75,34385.5,18590.5,16310.75,8156.25,3968953.5,139593638.5,276716913.25,157928398.75,126497518.0,63408948.5,0.0,95615496.25,457584197.5,217894504.5,127918362.75,12412636.75,4,0.9185671631730311,0.534075026555599,8807.48719838041,0.0,0.10490767260554379,0.5020534857162391,0.2390700904889482,0.14034982033170368,0.013618930857565267
11170520,용산2가동,1184116173.5,78021.25,77450.0,53958.25,0.3643481808235077,17~21,1147.75,27819.0,26139.25,9839.0,8390.0,4115.0,18893547.0,466866260.75,388903970.75,133839356.75,110073882.5,45822358.25,27789808.25,27776145.25,211320233.0,359549098.75,430360140.5,127320747.75,4,0.909691215385327,0.6966849580374435,15176.84186679911,0.023468819083738324,0.023457280519950604,0.17846241587544703,0.30364343195080934,0.3634441874296382,0.10752386514041648
11170530,남영동,4198799486.0,374492.5,326110.25,198618.75,0.34678608056077564,11~14,2720.75,83241.0,115377.75,62033.5,44565.75,18171.5,24802480.25,853324775.75,1080753836.0,672550765.75,425822916.75,170631344.75,45125288.75,535552983.5,1456014295.5,861053299.0,914881371.75,386172247.5,4,0.9320869359900513,0.6090539932430826,11211.972164996629,0.010747188309530054,0.12754907332100213,0.3467691897064312,0.20507130713695623,0.21789117932410837,0.09197206220197199
11170555,청파동,2320625079.75,366664.25,357278.75,234183.5,0.3577067783018313,11~14,19068.25,166139.0,68044.5,47787.75,41520.5,14718.75,86316368.5,814832141.25,477196649.75,353460460.5,274300713.75,123871512.5,11759811.25,363324068.0,832807603.75,581800787.0,469968588.0,60964221.75,4,0.8402326324671631,0.6554643957973991,6329.019204217482,0.0050675188131927285,0.1565630188048906,0.3588721034764125,0.250708652628488,0.20251810260131703,0.026270603675699156
11170560,원효로1동,1023277283.25,156204.75,144161.75,81715.75,0.4296664151768147,11~14,916.0,29203.0,52512.75,27636.0,24631.75,9262.25,5957459.5,185272509.25,311991704.0,167499555.25,161407094.75,53117755.5,872395.5,189156457.5,438875930.75,230924973.75,145734129.5,17713396.25,4,0.9291211463878402,0.5668337821925719,6550.8717452574265,0.0008525504418794591,0.18485356862338026,0.4288924790317825,0.22567194398820833,0.1424190020491203,0.017310455865629126
11170570,원효로2동,351412051.5,54474.0,48289.25,22542.25,0.4154224590447788,11~14,396.5,7608.75,14933.5,10095.25,9319.25,5936.0,2140210.0,39774341.75,85532908.25,61553170.75,57069803.0,41018406.25,105533.5,79631656.0,146174780.0,76013331.5,45842581.75,3644168.75,4,0.83159282333073,0.46681714874428576,6451.005094173367,0.0003003126943129325,0.22660479531106803,0.41596404954256383,0.2163082659673668,0.1304525031350554,0.010370073349632974
11170580,효창동,406392125.5,54415.5,52507.25,29904.5,0.3035888010354362,11~14,467.25,12059.25,17845.25,11093.5,7067.75,3974.25,2395395.25,89072699.0,139069332.5,71376592.5,49766902.25,28287706.75,110421.0,92870657.5,121718156.5,114768705.25,74907827.5,2016357.75,4,0.9073014538230953,0.5695308743078337,7468.315562661374,0.00027171048126029695,0.2285247465996976,0.2995091412025896,0.2824087821800081,0.18432401318760297,0.00496160634884152
11170590,용문동,157553574.5,24765.5,23336.25,9736.25,0.3329837239125881,11~14,89.25,3338.5,6397.75,4356.0,4564.25,4590.5,492328.25,20729877.75,41413581.0,25518282.25,26676987.25,29591051.5,147683.25,23765713.5,53497077.75,40405984.0,34563427.5,5173688.5,4,0.7693549407603517,0.4172157051797097,6361.816821788375,0.0009373525828828466,0.15084210926614045,0.3395484864102528,0.2564586943090904,0.21937571146632412,0.03283764596530941
11170625,한강로동,5489213956.25,593706.0,488239.75,280074.75,0.4322020469788785,11~14,4420.75,100850.25,179224.5,104952.75,64511.5,34280.0,34415090.5,855009307.25,1429750851.5,830745028.75,532131135.0,303833676.0,8463671.75,887515433.25,2373527768.5,1308635740.25,781368272.25,129703070.25,4,0.939376190023852,0.5736418429675175,9245.677079648849,0.0015418731748219237,0.16168351977599232,0.43239847953048166,0.23840129947202948,0.14234611339212544,0.023628714654549132
11170630,이촌1동,587352100.5,111133.25,109688.0,40331.5,0.35073534939868084,11~14,2999.0,13060.5,27271.0,26087.75,22952.5,17317.25,13415365.75,77801046.0,161975999.0,128687022.75,108370385.0,75591123.75,0.0,100928840.25,204310121.25,192556088.0,89524033.5,33017.5,4,0.869830876079531,0.3676929108015462,5285.11584516785,0.0,0.1718370295502161,0.34784947747028616,0.3278375744908058,0.15241970433712615,5.621415156580341e-05
11170640,이촌2동,54325202.0,5368.0,5134.5,1939.25,0.41680838524421404,14~17,11.5,647.0,1292.25,1136.5,1233.5,813.75,66696.5,4600498.5,11834639.75,10281052.75,14148342.25,8652230.0,120094.5,8126033.25,19264968.0,21144558.0,5512592.5,156955.75,4,0.7928338804855034,0.377690135358847,10120.194113263786,0.0022106590602277007,0.14958127997388762,0.35462303481172514,0.38922189373543425,0.10147394389808251,0.0028891885206427763
11170650,이태원1동,2945735247.75,272777.75,251362.25,155929.25,0.3503637477695878,11~14,2005.75,61296.25,94633.0,47044.25,32449.0,13934.0,23983749.25,634209544.0,983919924.0,486727061.25,341541695.25,148063607.0,86199638.5,225014792.75,1032424264.0,825799313.25,636351196.5,139946042.75,4,0.933625331791355,0.6203367848593017,10799.030521184372,0.029262520644324934,0.07638663146047152,0.3504810097202667,0.2803372481898225,0.2160245721288277,0.04750801785628666
11170660,이태원2동,1037861952.5,68584.75,65647.25,40125.0,0.38005722321363883,11~14,414.25,16297.25,23827.75,12430.0,8791.75,3886.25,5696885.5,256428857.25,353840428.25,181519255.75,122212000.0,51278740.75,1684135.75,113392587.0,391674239.5,309564221.0,201873076.5,19673692.75,4,0.8855975425383976,0.6112213382891134,15132.546994776536,0.0016226972632952359,0.10925594365113794,0.3773856807801228,0.2982710949701184,0.19450860108488272,0.01895598225044289
11170685,한남동,3234099891.25,278973.75,261402.25,154741.25,0.31389683721336176,11~14,1494.0,67395.75,87345.5,44965.0,37360.25,22841.75,15087620.5,758415333.0,1030323891.5,476278049.0,404691487.0,215655442.75,9560096.0,389085257.25,965492785.0,994915755.75,756887627.75,118158369.5,4,0.9187422455157107,0.5919660217155743,11592.846607431702,0.0029560299067648657,0.12030712418706897,0.2985352393140927,0.30763297028696873,0.23403347243472378,0.036535163870380964
11170690,서빙고동,18753989.0,2037.25,1947.5,736.25,0.4159250411701271,11~14,5.5,218.75,517.5,512.25,404.75,288.75,44114.25,1722183.0,4723400.75,4388865.25,3659564.5,3102513.5,17827.5,1691458.0,7357048.0,5944632.75,2898689.5,844333.25,4,0.7177718190460753,0.3780487804878049,9205.541293410235,0.0009505977634944757,0.09019190530611915,0.39229243442555073,0.31697964363741493,0.15456389038086776,0.045021528486552914
11170700,보광동,153279394.75,21650.5,20980.75,11345.25,0.3746704898837643,11~14,133.75,4483.25,6862.0,3550.25,3329.0,2622.5,676260.75,30254165.5,49474587.25,25579217.0,21896740.5,16975726.75,235458.75,15709983.0,57286199.0,47594318.5,32268387.0,185048.5,4,0.9389210429341279,0.5407456835432479,7079.716161289578,0.0015361409169447416,0.10249246498932955,0.3737371164169475,0.31050695742651346,0.2105200575239093,0.0012072627263554614
11200520,왕십리2동,109441873.0,14552.75,14156.0,8219.5,0.33715968212168845,11~14,182.75,3677.0,4542.5,2706.75,1531.25,1515.75,1038494.0,24294270.75,33651370.0,19695607.75,11669044.25,12793815.25,0.0,12866194.5,35594246.5,35643365.25,22123320.75,3214746.0,4,0.8601007006351993,0.5806371856456626,7520.356839772551,0.0,0.11756189973101064,0.3252342592857489,0.3256830705921855,0.20214676653057648,0.02937400386047852
11200535,왕십리도선동,600282651.75,88134.5,84248.25,47751.75,0.32606675749949543,11~14,954.25,19168.75,28583.0,13218.25,14017.0,8307.0,5160665.5,112511026.25,172155528.5,87983898.5,98262656.0,67636269.0,7502058.25,70087939.75,195415017.25,137277182.75,151197851.0,38802602.75,4,0.948362225874245,0.5667981234031567,6810.983800327908,0.012497542996002467,0.1167582297200712,0.3255383387814189,0.22868757301214143,0.2518777621828882,0.06464055330747778
11200540,마장동,640162075.5,63748.0,60684.75,30698.25,0.340795295371843,11~14,358.75,11909.0,18789.25,11696.0,10640.5,7291.25,2524436.0,95126285.5,160292256.25,116054926.0,112645934.75,81605051.75,189432.5,93864479.25,215641594.25,189181788.5,136055144.75,5229636.25,4,0.9159115806500998,0.5058643234090937,10042.073092489176,0.00029591334327645595,0.14662611679501156,0.3368546849351747,0.2955217057371591,0.21253234135079593,0.008169237838582333
11200550,사근동,1763559680.75,271324.75,265928.5,195562.75,0.35861794533288927,11~14,16134.25,146715.0,48847.75,20129.75,26543.0,7558.75,85867285.5,829561626.5,307341735.5,136412682.5,173674567.0,50852823.5,494344.25,227830316.5,634674815.75,479656294.0,364313971.5,56589938.75,4,0.8223847861155331,0.7353959804985175,6499.811317434182,0.00028031047397827056,0.12918775530358528,0.359882811269584,0.2719818893772926,0.20657875969644868,0.032088473879111165
11200560,행당1동,888977430.25,108786.5,105448.25,52252.75,0.3394801314337361,11~14,2771.0,24553.25,27699.5,19158.0,19985.0,11281.5,13222515.0,194925832.5,222773549.0,139379515.75,153058243.75,95365729.5,0.0,94393513.0,301842563.5,222236724.75,243373140.25,27131488.75,4,0.9322401984052772,0.49552979779180784,8171.762399286677,0.0,0.10618212542635022,0.3395390627803849,0.2499914139411865,0.27376751306448593,0.030519884787592447
11200570,행당2동,8074604.0,1269.0,1218.5,172.5,0.5055286144758802,11~14,7.75,69.0,103.5,147.25,379.0,512.0,25181.25,298055.5,456494.0,687365.5,2165515.25,3495280.5,0.0,797295.5,4099151.0,2242469.0,764227.5,171461.0,4,0.8890773033612371,0.14156750102585144,6362.966115051221,0.0,0.09874112711905128,0.5076596945187652,0.2777187587155977,0.09464581792494096,0.0212346017216448
11200580,응봉동,104528433.75,11865.75,11378.5,3804.25,0.3119676493279727,14~17,45.0,1046.0,2758.25,2597.75,2820.5,2111.0,360497.5,7985948.5,24055292.0,23112584.0,23017826.75,20855710.75,0.0,19827343.25,29684536.75,32332604.25,21567822.25,1116127.25,4,0.8882880036930215,0.3343366876126027,8809.256368118324,0.0,0.1896837304328211,0.2839852821386028,0.3093187479239351,0.20633450130500974,0.010677738199631255
11200590,금호1가동,56176097.25,6210.5,5828.0,2796.5,0.43056850667685603,14~17,52.5,728.0,2068.5,1202.25,819.0,957.75,361965.25,6333422.75,18673524.0,10508837.75,7036504.75,7011929.0,0.0,7596154.75,16957492.5,23859155.25,7215832.25,547462.5,4,0.773285147636538,0.4798387096774194,9045.342122212382,0.0,0.1352204072880837,0.30186312916210994,0.42472076947282056,0.12845022355126318,0.009745470525722576
11200615,금호2?3가동,171737878.0,30673.75,29767.0,12059.75,0.31301358856254746,11~14,475.25,4820.25,7239.5,5762.25,5935.5,5534.25,2394078.5,23435024.0,36781367.75,31515973.0,33679051.5,36643066.25,502549.0,24275132.0,53498340.25,43023457.75,38533588.75,11904810.25,4,0.8977873619128595,0.40513824033325496,5598.854981865602,0.002926256023729372,0.141349900689934,0.31151159472227785,0.2505181632091669,0.22437443153920883,0.06931965381568299
11200620,금호4가동,146132542.0,14354.5,13761.5,5399.0,0.32501247416024137,11~14,72.0,2065.25,3333.75,3253.75,2749.5,2287.25,528114.0,14530605.0,26547204.75,27347356.5,23590699.5,43348233.75,136655.5,13921203.75,45759320.0,39545088.5,43294749.0,3475525.25,4,0.9357350587851676,0.39232641790502487,10180.259988157024,0.0009351476278295358,0.09526422766258319,0.3131357285223985,0.27061110385666187,0.2962704159351447,0.023783376395382215
11200645,옥수동,292833221.5,43838.25,41421.0,18336.5,0.3249556995847835,11~14,260.75,5309.75,13026.75,9799.0,7806.5,5218.25,1528114.25,32775657.75,80457307.25,62011556.25,52614769.75,34918193.25,0.0,61091228.5,94876945.75,75459766.75,57039771.5,4365509.0,4,0.9125550786277048,0.44268607711064434,6679.856552211824,0.0,0.20862123562028975,0.32399652356384023,0.25768854491122006,0.19478586209522677,0.014907833809423156
11200650,성수1가1동,1078685867.25,148092.75,137627.0,73729.75,0.43253102009235733,11~14,1142.25,27162.5,46567.25,27299.75,20665.25,14790.0,6796594.0,195153493.5,323108560.5,200511685.0,135518669.5,99611354.75,232000.25,175400145.25,460996185.0,275842431.5,156810712.75,9404392.5,4,0.8154002799648253,0.5357215517304017,7283.853309834546,0.00021507674944463772,0.16260539845317976,0.4273683367848908,0.25572081722293466,0.14537199152314192,0.008718379266408248
11200660,성수1가2동,5814379912.0,526785.0,485185.5,295701.0,0.35489123114735366,11~14,4213.25,117519.25,178181.75,91846.75,63675.0,29749.5,40866591.25,1256480924.0,1834676197.75,965088632.5,627761079.0,316803796.25,17316775.75,556312959.5,2062600240.25,1803390648.25,1213304923.0,161454365.25,4,0.9477170640211217,0.6094596808849398,11037.481917670397,0.0029782669884127794,0.09567881148458399,0.3547412228762529,0.3101604428235029,0.208673141652805,0.02776811417444234
11200670,성수2가1동,3005404881.0,345682.5,320681.25,198020.0,0.3358376635050318,11~14,3247.5,83200.75,114819.25,60405.25,41131.75,17876.75,38840317.25,799736311.5,849123031.0,465377252.75,366528138.5,154715914.5,3511729.25,347905184.25,1006409008.75,973105538.25,612663328.5,61810092.0,4,0.9253044902556592,0.6174979048510008,8694.119259725327,0.0011684712672828058,0.11575983869908409,0.33486636529822017,0.3237851726407707,0.20385384091615175,0.02056631117849043
11200690,성수2가3동,5382407928.5,654053.5,591707.25,360136.0,0.3691557759183708,11~14,5185.0,144545.5,215590.5,111152.0,81274.0,33960.25,52595648.25,1204306918.25,1529290290.0,865078807.75,618260929.0,266026237.25,5876690.0,1029056650.25,1987358875.25,1351458777.25,920660651.25,87996284.5,4,0.9196132083575888,0.6086388159009375,8229.308349393437,0.0010918328893064315,0.1911888998232773,0.36923230302312826,0.25108813661149465,0.17104995821202554,0.016348869440767806
11200720,송정동,93110351.0,19546.75,19236.5,10793.75,0.42053252774633154,11~14,71.5,4704.0,6089.75,3413.0,2682.75,2275.5,320898.5,19654982.5,27409924.0,17210362.0,14346981.5,11156914.5,0.0,13070183.25,38997997.5,24397238.0,14482940.5,2161991.75,4,0.8909942121229442,0.5611077898786162,4763.469681660634,0.0,0.14037304241286772,0.41883632787508235,0.262024981518972,0.1555459768377417,0.02321967135533621
11200790,용답동,632880707.75,106270.75,100745.0,50165.5,0.42742956787135833,11~14,418.25,19806.75,30358.75,15939.5,19006.75,15215.0,2058376.25,106266382.0,167236401.0,97117040.5,106988712.25,86788739.75,0.0,99086140.75,270507061.25,144302189.25,107701536.0,11283780.5,4,0.9215355312374257,0.4979453074594273,5955.361261212516,0.0,0.1565636928675995,0.4274218789378163,0.22800851326787816,0.1701766773439777,0.01782923758272832
11215710,화양동,5733391614.75,775805.0,755107.5,513050.0,0.3077238333948183,17~21,22277.25,336983.0,176067.0,84019.75,99456.5,36304.0,179400810.75,2421950311.5,1261378822.0,603771467.25,656088613.25,246508885.5,66357617.25,583569043.0,1291989841.5,1440185805.5,1761600274.75,589689032.75,4,0.9128056573201805,0.679439682429323,7390.2483417224685,0.01157388535597066,0.10178426352365014,0.2253447746663885,0.25119264516920636,0.30725273853926566,0.10285169274551864
11215730,군자동,1380768525.25,214352.5,209729.5,132685.5,0.32844936509412603,11~14,5488.75,88683.75,44001.75,25140.25,35417.5,10997.5,28313099.75,490531008.5,305857878.75,184249736.25,217058172.0,80953240.0,11319252.25,191588689.0,452948263.25,375247804.25,294886692.5,54777824.0,4,0.8670943275322167,0.6326506285477246,6441.57882576597,0.008197791333598476,0.13875511028563692,0.32804069253243573,0.2717673508541616,0.2135670730520224,0.03967198194214487
11215740,중곡1동,182349803.25,22727.25,21047.25,12074.5,0.3550294525308417,11~14,31.0,4354.75,7719.75,3357.75,3148.25,2435.75,216840.75,33217089.25,53447148.0,23079770.75,27978064.5,29469428.75,0.0,15219721.75,65236834.25,55229198.25,43996255.25,2667793.75,4,0.8711945579742402,0.5736853983299481,8023.399366399366,0.0,0.08346442649644044,0.35775653763969717,0.30287500872310374,0.24127393869288422,0.01463008844787443
11215750,중곡2동,306824529.25,35853.5,35200.0,19866.75,0.3198432474061389,11~14,123.0,7511.25,12355.5,6381.25,5388.75,3440.25,1056298.75,66151790.25,108235768.5,48622168.75,41409900.25,31998399.75,1331768.25,27547101.75,91284450.25,86745796.25,90267320.0,9648092.75,4,0.8727364098101453,0.5643963068181819,8557.728792168129,0.004340488204301547,0.08978128905578693,0.2975135347657345,0.28272119071457846,0.2941985121614914,0.03144498509810718
11215760,중곡3동,773759049.0,121836.5,119874.0,59300.5,0.36377819489509367,11~14,781.25,18854.25,40446.25,30577.5,19138.25,10076.5,4626122.5,105217499.0,253259128.5,167642635.75,107585599.5,58046782.5,1991013.0,173086497.75,281146425.75,178581008.75,103246883.0,35707220.75,4,0.9750010132303559,0.4946902581043429,6350.79839785286,0.002573169260602728,0.22369560391402932,0.3633513897037474,0.23079666593986417,0.13343544496627915,0.04614772621547719
11215770,중곡4동,1132897471.75,252764.75,252406.75,121909.75,0.3099647149484209,11~14,2376.25,43371.5,78538.25,53997.25,47241.25,26882.25,10073917.75,194012486.0,326043340.75,245207564.75,212007852.75,139859410.0,3851528.25,149095030.25,350339259.5,309154368.5,261317890.0,59139395.25,4,0.8839792606140957,0.4829892623711529,4482.023192513988,0.003399714754460966,0.13160505162015337,0.3092418054025903,0.2728882146964682,0.2306633181874254,0.052201895338901835
11215780,능동,857667039.75,91867.75,90176.0,46961.0,0.2992159364510768,11~14,701.0,18590.5,28370.5,17343.5,15005.25,10165.25,4593819.5,153460488.0,244464839.0,181755383.5,140891944.75,101924241.5,4087910.75,88361714.25,256461704.5,224956631.75,227808981.25,55990097.25,4,0.9400717372008556,0.5207704932576295,9335.888162603307,0.004766314386048435,0.10302566165508285,0.2990224558177677,0.2622890018200679,0.2656147090791826,0.06528185724185048
11215810,광장동,2017273625.0,285314.75,275327.25,112563.25,0.40656346984772423,11~14,19196.75,71389.0,41174.25,46489.5,57521.75,39556.0,80585111.75,357458308.5,301827856.0,338865988.25,425555507.75,344132651.75,0.0,504001329.0,819592718.75,457692999.25,222311254.0,13675324.0,4,0.9280187328201974,0.4088343961594793,7070.344680742934,0.0,0.24984281891852922,0.4062873318685263,0.2268869198396425,0.1102038172932539,0.0067791120800481395
11215820,자양1동,437654082.5,51775.0,50042.5,23888.25,0.41841503608418434,11~14,273.25,9133.75,14754.5,10355.0,9784.75,5741.25,1981071.25,75957908.0,106664700.25,74329927.5,108748185.5,42164750.5,13428.0,38807732.5,183174433.75,139762665.5,72136515.5,3759307.25,4,0.9188407148260781,0.47735924464205426,8453.000144857557,3.068176566135425e-05,0.08867215925033671,0.4185370160462287,0.3193450514653888,0.16482541437277692,0.008589677099607541
11215830,자양2동,482958610.75,93799.25,92658.0,41278.5,0.3023933376134975,11~14,1089.25,13147.25,28131.25,22617.0,16893.25,10780.0,5364912.5,62877563.0,135401290.75,115612665.25,89209007.75,61128170.5,0.0,92221696.75,145871824.75,124181785.75,102164885.5,18518418.0,4,0.91339007110865,0.4454931036715664,5148.853650215753,0.0,0.1909515529846053,0.30203794176787024,0.2571271802301125,0.21153962933044154,0.038343695686970415
11215840,자양3동,3637343454.25,457425.5,436269.0,215336.75,0.3099651901167002,11~14,8672.25,95532.5,119804.25,90635.5,74155.5,47469.0,52249551.0,637789728.75,867233785.75,687445277.5,597940351.25,454205801.25,250575.5,320232126.75,1116080359.75,1103146719.0,987086228.0,110547445.25,4,0.9650813128016767,0.4935870987853824,7951.772374408511,6.888970017588489e-05,0.08804011245510224,0.3068394210741723,0.30328362797608366,0.2713755905691704,0.03039235822529557
11215847,자양4동,954734943.0,107529.5,106594.25,77464.25,0.3648976736184736,17~21,3147.5,47422.0,30042.25,11558.5,10300.25,4123.75,25335352.5,391302237.5,268213772.25,100891182.0,95716276.75,46529636.75,10422656.75,52601328.75,175372139.25,247122203.5,348239533.0,120977081.75,4,0.9293466670971888,0.7267207189881255,8878.818770662934,0.010916806624097762,0.05509521688261912,0.18368672953242898,0.2588385449929007,0.36474996076476485,0.12671274120318857
11215850,구의1동,889118763.0,145388.75,140990.0,74364.75,0.3084212416846296,11~14,1452.5,31026.25,43338.5,29016.0,23032.75,13124.0,7745316.25,166308971.5,245362622.25,162852402.0,142139402.75,93211327.0,3289276.25,134374597.75,274393868.5,219625195.25,219625151.25,37810674.0,4,0.9191916386889429,0.5274469820554649,6115.457784732313,0.0036994790649806587,0.1511323383803115,0.3086132920805317,0.24701446464694615,0.24701441515974396,0.04252601066748605
11215860,구의2동,506045821.5,76867.25,75692.0,34820.0,0.29544016596605777,14~17,1447.5,14117.75,20702.25,17725.5,12549.75,9149.25,8318919.0,88789197.25,126014489.5,107172844.5,88276408.0,73549336.75,358397.25,53435450.25,142575799.0,143855399.25,137408948.25,28411827.5,4,0.9092152269586441,0.46002219521217563,6583.373562863248,0.0007082308256941116,0.10559409440751602,0.2817448399778952,0.2842734652438979,0.2715345970898408,0.05614477245515602
11215870,구의3동,2145119111.75,293807.5,285123.25,130521.75,0.31399884677576817,11~14,6488.25,58225.75,72296.0,58793.25,55160.5,34159.5,37507262.5,388389004.0,490068858.75,416602713.75,424519348.75,277716920.0,9087725.5,339158358.25,673477517.25,598935266.75,452570243.5,71890000.5,4,0.9324465318266818,0.4577730858497159,7301.103994111791,0.004236466614008293,0.15810700505731484,0.3139580984389129,0.2792083961535289,0.2109767429794566,0.03351329075677842
11230536,용신동,1291231761.25,201954.25,189812.0,78105.5,0.3963248620167878,11~14,1568.5,28293.25,49812.25,39681.5,39621.25,30835.25,6306096.75,143973733.25,266454300.0,240116539.25,233834519.0,246346189.0,3574873.75,261928557.25,510875461.75,279613178.0,187154062.0,48085628.5,4,0.9219404410605327,0.41148873622321036,6393.684516418942,0.002768576375893418,0.20285169952482843,0.395649702153731,0.21654763024827972,0.14494226955726536,0.03724012214000207
11230545,제기동,381056854.5,55274.0,54898.75,32616.75,0.33905882865541737,11~14,1057.75,23258.75,9358.0,6617.25,8347.5,6259.5,7126061.25,147595301.5,56228711.0,41310003.25,59522260.0,63974837.5,1271855.5,23434664.0,129187668.0,118456942.5,99502719.75,9203004.75,4,0.9242246789196344,0.5941255493066782,6893.961980316243,0.0033377053449644744,0.06149912729099064,0.33902465334080484,0.31086422170631756,0.2611230281648168,0.02415126415210568
11230560,전농1동,837976859.25,126506.75,124717.0,63385.25,0.34758569617365825,11~14,2472.0,28517.5,34867.75,24727.5,22636.25,11496.0,12757105.0,162887666.75,220286724.5,163464966.25,158533168.0,86696159.75,0.0,109727866.25,291212252.75,215755692.25,199389314.0,21891734.0,4,0.9074144159711792,0.5082326386940033,6623.969545103325,0.0,0.13094379043856633,0.34751825129233127,0.2574721364538683,0.23794131281674769,0.026124508998486406
11230570,전농2동,367552422.25,83141.75,82911.0,43401.75,0.3827107473352378,11~14,1959.5,24957.5,18444.25,14217.0,16008.5,7324.25,7881207.75,91051401.75,83930252.75,72358513.75,74205863.0,34563543.75,56620.5,64022101.0,139977405.0,86600288.0,71639844.5,5256163.25,4,0.8623500463169187,0.5234739660599921,4420.792468885968,0.0001540474135727179,0.17418495192626907,0.3808365733059728,0.23561343296248674,0.19491054925295082,0.014300445138747824
11230600,답십리1동,608035456.5,94313.0,92061.5,42132.0,0.28556799543914646,11~14,1223.0,16614.5,25517.5,20341.75,17293.0,11071.75,6459586.25,97296221.25,151498962.75,129946274.0,115670807.0,77726841.5,0.0,81814964.25,167959789.5,155961392.5,170562054.25,31737256.0,4,0.8842060061482666,0.4576505922671258,6446.995180940061,0.0,0.134556239073535,0.2762335447784861,0.25650048995127966,0.2805133359028052,0.05219639029389399
11230610,답십리2동,559272297.25,59280.75,56222.75,27255.75,0.3724746842438753,11~14,204.75,11333.0,15922.75,13173.75,10209.25,5379.25,1507616.5,100944833.5,131620484.5,115377176.0,108597658.5,51470948.5,321592.5,92658355.0,208406348.25,118399637.25,125003537.75,14482826.5,4,0.962305921617072,0.4847815163790459,9434.298608738925,0.0005750195416102384,0.16567663990440928,0.3726384254588609,0.21170302522077944,0.22351104884803946,0.025895841026300718
11230650,장안1동,1248163372.75,224086.5,217090.75,105238.25,0.2748571228188169,11~14,1311.75,40521.25,64717.0,48001.5,39283.75,23255.5,7896790.0,197066630.0,322746508.25,264747432.75,229242189.75,146569869.75,45542994.25,245746223.25,343096211.25,244511695.5,252621823.0,116644425.5,4,0.9014243564203659,0.48476616345929063,5570.006996182278,0.036488007294796655,0.19688626394200526,0.2748808519305271,0.19589718849166574,0.20239483749904805,0.09345285084195722
11230660,장안2동,1065231584.75,165931.5,163216.25,59349.75,0.3211138496575366,11~14,2012.25,20743.0,38606.75,43858.0,37168.5,20827.75,9569654.5,115082100.25,234325154.25,263407889.5,242931293.25,165931099.75,128543.0,162887574.75,342563487.5,277036588.0,248015026.0,34600365.5,4,0.9377957234718401,0.36362647714305407,6419.706835350732,0.00012067141252685241,0.15291282861109326,0.32158592779653306,0.26007169893016074,0.2328273302731695,0.03248154297651659
11230705,청량리동,712033912.5,118262.5,116996.0,48544.5,0.3529714025191862,11~14,1111.5,20513.75,28030.75,23010.75,21942.0,22387.25,5540057.25,100854181.75,145586529.0,135180236.25,128406373.0,181315732.5,642164.0,99564896.75,251211841.25,169870806.0,158022472.5,32721732.0,4,0.9236141777496526,0.4149244418612602,6020.791988161928,0.0009018727742128434,0.13983167796098475,0.3528088154789959,0.23857122956906915,0.22193110429975482,0.04595529991698254
11230710,회기동,3118141409.0,405000.25,390881.0,229343.0,0.36789462997203254,11~14,12035.75,156363.75,72979.25,55161.5,70902.0,23438.75,78906410.25,1103818640.75,532679014.25,386332180.25,482286847.75,164991564.75,13066387.0,313948422.25,1141567998.25,757054032.75,743256457.75,149248111.0,4,0.8706815805753493,0.5867335582952357,7699.10983758652,0.004190440806271977,0.10068447227692745,0.36610526865621057,0.24279015395674122,0.23836521833317534,0.04786444597067342
11230720,휘경1동,540716687.75,118376.5,117627.25,70905.25,0.2666293110945209,11~14,2173.5,43477.75,27427.5,14799.0,20770.0,8979.5,10199540.25,194829775.0,122415589.0,68379574.75,92756085.5,43189281.5,50085.5,89367576.5,136791488.25,133559402.25,139012081.0,41936054.25,4,0.8754238313451174,0.6027961207968392,4567.770526667033,9.262799010034807e-05,0.16527615759719078,0.2529818134875938,0.24700440226056256,0.25708857179616423,0.07755642686838825
11230730,휘경2동,200526464.75,19010.5,18153.5,9072.75,0.4524380487952355,11~14,208.5,4291.0,4781.75,3670.5,3127.25,2074.5,1570506.0,36064818.0,44351186.0,36411527.5,36828885.75,23671036.25,108922.75,20376000.5,90344843.5,49930714.0,38004572.75,1761411.25,4,0.965134559706734,0.49977965681549014,10548.19519476079,0.0005431839140823431,0.10161252543599734,0.45053825495120836,0.2489981263183866,0.18952397528865325,0.008783934091672057
11230740,이문1동,2708052734.75,463008.0,460353.0,283042.5,0.30912266942937067,11~14,10216.25,204070.5,78972.0,56320.25,86051.75,24722.25,62689665.75,1111029120.25,475208737.0,343483480.5,495601112.25,141880711.5,42867324.25,367336732.0,836925561.5,619659963.75,653209891.25,188053262.0,4,0.8722550353811602,0.6148379613036083,5848.824933370482,0.01582957514080958,0.1356460778205309,0.30905068825303456,0.2288212322450232,0.24121018134837116,0.06944224519223055
11230750,이문2동,24380771.5,1682.0,1471.5,793.25,0.4590257249549137,11~14,9.0,142.5,650.75,334.0,206.5,128.75,114377.0,989748.5,5199265.0,4165725.25,2063277.75,1818794.75,0.0,3620731.25,11133990.75,6282119.0,3213331.5,130599.0,4,0.9297600658342557,0.5390757730207272,14495.10790725327,0.0,0.14850765694596663,0.4566709773724757,0.25766694872637647,0.13179777760519187,0.005356639349989397
11260520,면목2동,203998957.75,26552.0,26016.0,10449.5,0.35283680718159305,11~14,259.75,3468.25,6981.25,6142.0,5361.5,3803.25,1785091.75,24085263.0,48267565.5,43054427.5,41383046.75,38085095.0,0.0,37366662.75,71889273.25,51819787.0,38304785.75,4618449.0,4,0.9271140867058538,0.4016566728167282,7682.997806191624,0.0,0.18317085127362617,0.35240019872111333,0.25401986153039546,0.18776951692538732,0.022639571549477683
11260540,면목4동,255876972.0,46177.25,44605.5,20030.25,0.2968391595418174,11~14,369.75,6931.5,13098.75,10947.0,8377.5,4881.0,1913440.0,37708209.5,67007428.25,57972309.25,47255651.75,33960281.5,0.0,39744690.75,74940993.25,70942440.5,62251988.0,7996859.5,4,0.9103197358725778,0.44905336785822375,5541.191214288421,0.0,0.15532734516648883,0.2928790061264286,0.2772521495212942,0.2432887473750471,0.031252751810741296
11260565,면목본동,361861896.0,66919.75,66584.5,29704.75,0.2921682734174006,14~17,715.75,11847.75,17857.0,12269.75,12868.0,11026.25,3312495.75,58456540.0,91249780.25,63018142.0,74420908.0,67962056.75,600938.5,45248240.5,101225158.75,105216483.25,92314660.0,17256415.0,4,0.9129970753385029,0.4461210942486615,5407.400595489374,0.0016606846607579815,0.12504284369305355,0.27973422974050854,0.2907641959903952,0.2551101981735043,0.04768784774178047
11260570,면목7동,599830766.25,103742.5,103652.75,48993.0,0.27928339058589235,14~17,1445.5,17737.5,31255.5,21028.0,17104.0,15082.25,7543051.0,91523522.0,157833916.5,119443932.25,107786869.75,112843187.75,2426451.25,85183054.0,160690202.75,165795360.0,154863859.0,30871839.25,4,0.9189266806728615,0.47266473875512227,5781.919331517941,0.004045226398054903,0.1420118119858111,0.2678925653557204,0.2764035613520016,0.2581792527385219,0.05146758216989007
11260575,면목3?8동,922526371.0,159105.75,158506.25,75466.25,0.30447976565631857,11~14,4505.75,38540.0,36926.25,27758.25,30113.25,20662.75,23852183.5,191798226.25,205693134.25,166027113.5,179665521.5,132024395.0,1327125.0,136237846.0,269663630.75,214413050.5,247546194.5,53338524.25,4,0.8987210265311747,0.476108986238713,5798.196300259418,0.001438576762376368,0.14767908027639462,0.29230994281246403,0.2324194269564138,0.26833508751805646,0.057817885674294724
11260580,상봉1동,738078485.0,106394.75,106353.75,54091.75,0.3152511425002318,14~17,1623.5,20012.75,34079.0,23370.75,15813.0,11454.75,10798207.5,136694350.0,227030979.75,153137064.0,118527532.25,91142679.75,25752.25,57890521.5,202091979.75,234427463.75,212798377.75,30844390.0,4,0.7072025885186096,0.508602188451277,6937.170161121672,3.489093710677666e-05,0.07843409972856748,0.27380825190968683,0.31761861172528283,0.2883140236095623,0.04179012208979374
11260590,상봉2동,1084619169.0,189166.75,188172.25,107529.25,0.29348228150918454,17~21,2062.75,42032.75,65496.5,29588.5,26919.0,22072.75,11565416.75,228930426.0,330923302.25,167028506.25,167231071.5,167725796.0,7759120.75,134481310.75,255641086.5,269777243.75,318292100.5,98668306.75,4,0.9343131164508367,0.5714405285582758,5733.667090014498,0.007153774312465613,0.12398942835759526,0.23569663325764068,0.24872992425417847,0.2934597779545606,0.09097046186355941
11260600,중화1동,51804544.75,6948.0,6866.5,2355.25,0.4007806609609994,11~14,41.25,866.75,1488.5,1533.25,1483.25,1453.5,252213.5,4978550.75,10293952.75,10906607.75,12367229.25,11564435.25,0.0,8193394.75,20675672.0,17048460.0,5812092.0,74926.0,4,0.8687534180251106,0.34300589820141264,7456.036953080023,0.0,0.1581597674400951,0.39910923066262444,0.32909197604714013,0.11219270486881366,0.001446320981326643
11260610,중화2동,135985919.0,14262.5,13981.25,5836.25,0.3263326037913342,11~14,152.0,2259.75,3576.5,2232.75,2789.75,2970.5,714478.0,14651860.75,28151477.25,18512569.5,22184751.0,37218305.75,89445.0,25872508.5,44492737.25,33683260.75,19712058.0,12135909.5,4,0.858601668187659,0.41743406347787215,9534.507905346187,0.000657751925035709,0.19025873186178932,0.3271863555961261,0.2476966806394124,0.1449566112797311,0.0892438686979054
11260620,묵1동,853378542.5,131661.25,130747.5,57957.75,0.29014507300217207,11~14,1353.0,23401.25,34556.5,31655.25,25577.0,14204.5,7884747.25,140699282.75,212615252.5,202829440.5,169608947.0,96426442.5,3539.0,117774491.5,247433178.25,220101498.25,217837521.75,50228313.75,4,0.9420316631228851,0.44327998623300635,6481.622668021153,4.14704591661326e-06,0.1380096705443001,0.2899453946019506,0.25791777890876605,0.25526482200013834,0.058858186898928265
11260630,묵2동,259816507.25,49040.5,48415.0,19939.5,0.3372580428238227,11~14,362.25,7331.25,12608.25,11241.0,9610.5,7261.75,1464191.0,38063777.25,62118469.75,61149590.25,51753572.75,38209837.25,0.0,41300646.25,87576230.0,75483321.5,51049332.75,4406976.75,4,0.9258359271579756,0.4118455024269338,5297.998740836655,0.0,0.15896082464945074,0.3370695377554769,0.2905255031673897,0.1964822531498333,0.016961881277849408
11260655,망우본동,652045624.5,115167.5,114344.75,46363.0,0.31083273513699894,11~14,952.5,14377.5,31985.5,23637.25,21811.25,21580.75,4941660.0,69819906.75,163391113.0,128796710.75,123991586.5,150459712.25,856768.75,126686698.5,202586725.75,177303458.5,125867379.75,18744593.25,4,0.9058337452589352,0.40546680105557975,5661.715540408535,0.0013139705532982991,0.19429115653854065,0.3106940958393012,0.2719187919341678,0.19303462061649032,0.028747364518201746
11260660,망우3동,199269940.75,38716.5,38376.25,13817.0,0.32471673112815796,11~14,447.25,3555.25,10261.75,8045.25,8672.0,7394.75,2228689.75,16393548.0,44747791.0,45558924.25,47903546.25,39070174.25,0.0,32476155.25,64597164.75,56612671.75,40572761.5,5011187.5,4,0.9096911120483927,0.36004038956385787,5146.899661642969,0.0,0.16297568578466093,0.324169137135652,0.2841004094090895,0.20360703349082518,0.02514773417977242
11260680,신내1동,1127703621.75,137786.5,134994.75,54598.0,0.29193349711002825,11~14,5439.5,24107.75,30490.25,27534.75,28612.25,18810.25,35152848.0,163798219.5,237332837.25,236125298.25,230477745.5,172111324.0,25772680.75,105303884.0,328766683.25,292578036.5,271554108.25,103728229.0,4,0.9295007180274522,0.40444535806022086,8184.4275146694345,0.022854126077918663,0.0933790421250813,0.29153642580291733,0.2594458604699431,0.24080272778462414,0.09198181773951547
11260690,신내2동,351174336.75,62493.0,61672.0,23667.5,0.31513900715255116,11~14,1026.25,7991.75,15675.75,15235.0,14746.75,6996.5,5446964.0,40625662.75,84702932.25,84420143.5,84786649.5,41649909.0,0.0,61290143.0,110747723.25,87005484.5,78383627.75,13747358.25,4,0.9156512856827654,0.3837641068880529,5619.418762901445,0.0,0.1745291058772107,0.3153639422371601,0.24775581639935995,0.22320431633875648,0.03914681914751278
11290525,성북동,1321946790.25,109721.5,106440.75,45142.5,0.4060822344157805,11~14,1844.5,19301.75,25840.75,21419.0,22779.25,15255.5,8130810.25,156656038.5,263126948.5,218378021.25,273368379.25,197667787.25,6972318.5,78720760.25,439900610.5,508899432.75,257850175.75,29603492.5,4,0.9187706394759813,0.424109187505725,12048.201949936885,0.005274280743691227,0.05954911410247664,0.3327672594271424,0.38496211534638203,0.19505336950909852,0.022393860871209148
11290555,삼선동,1019322379.25,122685.25,121524.25,65613.0,0.31934855302868703,11~14,4486.25,40837.5,24775.5,17915.75,21582.25,11927.0,24778009.25,297312105.25,213179532.25,153437800.25,184380883.5,118893787.75,659149.5,86068961.75,314256587.75,317305095.5,269343568.0,31689016.75,4,0.863345918538803,0.5399169301600298,8308.434626411896,0.000646654594677879,0.08443742971024346,0.30829950773888104,0.31129022766425246,0.26423786378376035,0.03108831650818482
11290575,동선동,8011244749.5,1160343.25,1155885.5,630082.0,0.3365863183291271,17~21,54921.5,373061.0,257021.0,192554.75,199709.0,78618.25,391929194.0,2669782863.25,1629497997.0,1267072638.25,1394454421.5,584064919.75,42375803.5,738904036.5,1897114606.25,1973731335.0,2699739327.25,659379641.0,4,0.9423398845276918,0.5451076252794935,6904.202484480346,0.005289540492773582,0.09223336193119261,0.23680647209890862,0.24637012058871188,0.3369937396330947,0.08230676525531858
11290580,돈암1동,3273404.5,160.5,148.5,36.0,0.5658872473596996,11~14,8.0,18.25,17.75,74.75,21.5,8.25,134536.0,173816.5,264424.75,1512224.25,575912.5,185617.0,171228.0,0.0,368150.0,337684.5,1613186.75,783155.25,4,0.42981006208476696,0.24242424242424243,20395.043613707167,0.05230884236885481,0.0,0.11246700491796843,0.10316002803808695,0.49281619488211736,0.23924792979297244
11290590,돈암2동,672000000.0,137489.0,135147.5,39292.5,0.3296879129464286,11~14,1083.25,13292.75,25999.75,41974.5,33759.75,19037.5,4725084.0,53959970.5,118884574.75,213024426.75,159941945.75,99755991.5,0.0,136480180.5,219230014.0,213049985.75,97101108.0,6138711.75,4,0.9743587049058751,0.2907378974823804,4887.663740371957,0.0,0.20309550669642856,0.3262351398809524,0.31703866927083335,0.14449569642857144,0.009134987723214286
11290600,안암동,4632551954.75,803976.25,792950.5,475083.25,0.34980140792447506,11~14,17884.0,311411.25,163672.0,102195.75,142007.75,55779.75,98487520.5,1574802598.25,877547118.0,652460649.0,813648677.75,370153211.5,13337530.75,771866566.5,1617956172.25,1089814684.25,961408732.5,178168268.5,4,0.9072029412930578,0.5991335524726953,5762.050750566325,0.0028790892968451926,0.16661800537575502,0.34925807374724077,0.2352514758377519,0.20753328659686524,0.038460069145541835
11290610,보문동,362103643.75,44130.0,42590.5,21051.0,0.34719269049524126,11~14,370.0,8389.5,12661.5,8192.0,8045.75,4931.75,2361119.5,61493017.75,93371420.5,69322632.0,71753228.25,43763689.75,0.0,55246215.25,125691726.5,84650196.0,77665278.5,18850227.5,4,0.9440612368348135,0.4942651530270835,8205.38508384319,0.0,0.15257017211387838,0.34711533194838223,0.23377338908647755,0.21448355972253316,0.05205754712872866
11290620,정릉1동,91223494.75,11434.25,11387.25,4203.25,0.3525905499261113,14~17,202.75,2216.25,1987.0,2357.25,1912.75,2711.25,930076.0,12351220.5,12536202.75,14860355.5,31000991.5,18914740.5,0.0,10114823.75,28057701.75,31572520.0,21257760.0,220689.25,4,0.9513069637084116,0.3691189707787218,7978.091676323327,0.0,0.11087959058924346,0.3075710026993896,0.3461007505415703,0.23302944113528384,0.0024192150345128055
11290630,정릉2동,356976826.0,45337.25,43791.75,16853.5,0.29797946205959414,17~21,639.5,7612.75,9240.75,9178.75,9280.5,7839.5,3476201.75,40713011.25,60592516.25,68380478.75,77165242.75,76419497.5,126774.25,42848769.5,101192073.75,86943036.0,105810953.75,20055218.75,4,0.886407545712863,0.38485559494653676,7873.808534924372,0.00035513299678450273,0.1200323561059395,0.2834695878829961,0.2435537258096412,0.29640846700228096,0.05618073020235773
11290640,정릉3동,652226714.5,126419.25,124653.0,74633.0,0.4146900539013185,11~14,3703.75,60946.75,13686.25,13986.25,25887.75,6442.25,16161633.5,258350928.0,80912592.5,75646581.75,137730157.75,35874299.5,0.0,121418522.5,266435391.0,172240252.25,90619027.75,1513521.0,4,0.7819207207242145,0.5987260635524215,5159.235753257514,0.0,0.1861599959043076,0.4085011930310929,0.26408033958259464,0.13893792715845588,0.0023205443235490165
11290650,정릉4동,388860715.75,60862.5,60235.75,30985.75,0.39159868057642544,11~14,2279.25,21397.25,9588.5,9469.5,11702.25,5799.0,10380076.25,98652075.75,52507305.0,49911957.75,57901422.0,31316110.5,3836186.25,80267308.0,151530003.5,98493234.5,38822030.25,15911953.25,4,0.8782180015392482,0.5144079720099775,6389.16764428014,0.009865193614636811,0.20641660303789636,0.38967681064862103,0.25328666669255856,0.09983531037616777,0.040919415630119485
11290660,길음1동,137561381.75,23322.0,22885.25,6511.25,0.3539439831697958,14~17,1206.25,2659.5,3851.75,6824.75,5454.25,2888.75,4668677.75,13876713.25,24897901.25,42826649.5,30708606.0,14269980.5,0.0,18465054.5,40833344.0,48551280.75,27696935.75,2014766.75,4,0.8936805908667986,0.2845173201079298,5898.352703455965,0.0,0.13423138285683875,0.2968372626134951,0.3529426655384697,0.20134237819983222,0.014646310791364234
11290685,길음2동,674897684.5,120012.0,114279.0,46194.5,0.37062603554133217,11~14,838.25,15936.0,30258.5,31645.25,25155.0,10446.0,4509252.25,71359565.0,156126676.25,164372794.0,139343364.75,64440071.25,6384904.75,166823923.25,250384991.25,171502947.5,60866526.75,18934391.0,4,0.8812059697388266,0.40422562325536626,5623.5850123321,0.00946055216462963,0.24718402075062978,0.37099696294779627,0.254116959412979,0.09018630252835014,0.028055202195615178
11290705,종암동,1096751597.5,180800.0,176038.75,80435.5,0.3852962200734981,11~14,1513.0,37106.0,43329.5,39101.75,40236.25,14752.25,7630776.5,183920484.75,236841484.75,222781053.75,248620740.0,97737677.75,383879.75,161539923.5,421993323.5,277201785.25,215586337.75,20046347.75,4,0.9210636244903396,0.45691928623669503,6066.1039684734515,0.00035001521846427034,0.14728943533633648,0.3847665455531739,0.2527480113836807,0.19656806358105167,0.018277928927292946
11290715,월곡1동,403307342.75,54265.75,53320.75,22153.0,0.4649669170921483,11~14,701.25,7075.5,15077.5,14582.75,10737.25,5146.5,4149466.75,49230691.75,103468514.25,118207483.25,69958490.5,43265054.75,0.0,69550699.0,187422803.75,108805040.25,35668329.5,1860470.25,4,0.9360296455675234,0.4154667741920359,7432.079032354662,0.0,0.17245086222769992,0.46471458335480553,0.2697819472070596,0.08843957379201473,0.0046130334184202
11290725,월곡2동,930640880.0,168417.25,166721.5,91388.0,0.36077998650434173,11~14,4255.25,59210.5,32177.5,26148.5,31914.25,13015.5,20687391.75,294943052.75,178457004.25,149471232.5,182726564.5,78382425.75,5959903.0,138629390.75,335990834.75,239705726.0,187913025.75,22441999.75,4,0.8884971624220053,0.5481476594200508,5525.804987315729,0.006404084677647085,0.14896120912934752,0.3610316739470976,0.25757059586722647,0.20191787163916547,0.02411456473951585
11290760,장위1동,146306050.5,33544.25,33527.25,12970.5,0.2996061562232693,11~14,222.5,3856.75,9113.75,7899.5,9003.75,3431.0,844328.5,16437755.0,36748761.0,31603708.0,41064051.0,19374536.5,593183.25,28485005.0,43225035.75,38296685.0,33240639.5,2465502.0,4,0.9592846880224658,0.38686441625841667,4361.583594803878,0.004054399992158903,0.19469464798381664,0.2954425712557937,0.2617573563712596,0.22719934948965081,0.016851674907320393
11290770,장위2동,126396815.75,22646.0,21665.5,10410.0,0.3797625375608084,11~14,115.25,4063.5,6346.5,4697.25,3835.0,2608.0,539375.25,17396499.75,31633000.0,23534016.25,24207352.25,14898129.25,0.0,20136882.25,47955938.0,35863522.75,21059282.25,1381190.5,4,0.9276969339710401,0.4804874108605848,5581.419047513909,0.0,0.1593147907288163,0.37940780165579446,0.283737549377307,0.16661244292461536,0.010927415313466866
11290780,장위3동,118055387.0,23069.0,23011.0,6692.0,0.30038616007478386,11~14,172.75,2308.75,4383.25,7612.0,5883.0,2651.25,999878.75,12004722.5,21595544.25,38743797.0,31401845.75,12798874.5,425803.5,19543692.5,35194363.75,32997368.25,25492938.5,4401220.5,4,0.9248279202604982,0.2908174351397158,5117.490441718323,0.003606811267324887,0.1655468081265957,0.29811738917089825,0.2795075183650874,0.21594049325339132,0.037280979816702475
11290810,석관동,840236680.75,112161.75,110452.25,52941.75,0.3079464653922941,11~14,1184.0,22700.0,30241.75,21185.5,20865.5,14275.5,7211607.5,161398298.0,208689324.75,150641100.0,169622561.0,118596861.5,7957385.25,91768993.0,259052061.5,200770202.5,231276354.5,49411684.0,4,0.934802713027078,0.4793179858264544,7491.294320479129,0.00947040926956104,0.10921802761346538,0.3083084414605283,0.23894482007235315,0.2752514378372073,0.05880686374688481
11305534,삼양동,38629441.75,3653.25,3638.25,1108.25,0.3051072028674274,14~17,10.75,426.0,682.25,647.5,876.75,995.0,74323.25,2711173.5,4849601.5,5163515.0,9430006.0,15290370.5,186244.75,3302327.0,11024307.0,10285143.0,9938024.5,3893395.5,4,0.9594718257355539,0.30461073318216175,10573.9934989393,0.00482131611441162,0.0854873083947686,0.2853861329745983,0.26625140136797343,0.25726554798064094,0.10078829316760707
11305535,미아동,540593085.25,78811.5,77659.5,33538.25,0.3179812130362713,11~14,1249.0,16063.5,17474.75,14039.75,15638.75,13193.75,5451919.75,84240042.0,97026372.5,83850355.5,117174554.0,129664108.0,517236.0,78681611.75,171543012.25,140281916.25,129537345.25,20031963.75,4,0.8506530226269586,0.4318628113752986,6859.317298236932,0.0009567935922835595,0.14554683346275746,0.3173237263489396,0.2594963200188288,0.23962079572308034,0.037055530854110195
11305545,송중동,1169751811.0,181816.5,180375.0,82352.5,0.2638111937262363,17~21,3666.0,35707.0,46645.5,36235.0,36971.0,21150.5,22119859.75,208727499.25,262243416.25,223110853.5,257655491.5,164981723.5,44160600.0,151820802.25,281559422.25,291830426.25,306890792.25,93489768.0,4,0.9198671901181362,0.4565627165627166,6433.694472173867,0.03775211081934371,0.12978890122017517,0.24070013792866016,0.2494806364099743,0.26235547520772334,0.0799227384141233
11305555,송천동,295638016.75,52309.0,51229.0,16722.25,0.38582291358597587,11~14,761.5,5385.0,11337.25,13096.75,11748.75,8899.75,3815736.0,25765658.5,55484542.75,64862245.75,68294074.0,61213508.75,41737.0,44184704.25,113723658.75,80971880.5,50470030.0,6246006.25,4,0.954519692279105,0.32642155810185636,5651.761967347875,0.00014117602485235858,0.14945542097640255,0.3846719714879159,0.2738885931861468,0.17071562904806964,0.021127209276612765
11305575,삼각산동,351417362.0,47448.5,46673.0,16121.25,0.29673570080999156,14~17,485.25,5542.0,10579.25,13858.75,10862.0,5345.75,2789717.5,37764193.75,77378608.5,104240215.75,82314417.75,36381462.5,0.0,45765770.75,100030623.25,101331892.75,95775284.0,8513791.25,4,0.8091188895350864,0.3454084802776766,7406.290230460394,0.0,0.13023195692306175,0.2846490642371847,0.2883519817384549,0.27253998907430194,0.024227008026996684
11305595,번1동,790305327.75,123465.0,121333.25,61976.75,0.29046981228866875,11~14,2235.0,29515.25,32461.5,22506.5,21227.75,13387.25,16084998.75,191444927.5,196814921.25,134462697.25,129345537.25,82590589.25,5814401.25,80790186.25,228351681.75,195142147.25,217891817.0,62315094.25,4,0.8827259896200771,0.5107977409325144,6401.047485117239,0.007357158108187889,0.10222654892130076,0.2889410886297799,0.2469199439735145,0.2757058687942016,0.07884939157301538
11305603,번2동,124396534.5,20655.0,19891.0,6550.75,0.41161840056422094,11~14,119.0,1961.75,4589.0,4423.5,5831.25,2966.5,463742.25,10173402.5,26008167.5,27336612.75,31566047.0,16229470.0,0.0,18786673.75,50785231.5,34421440.0,20323509.75,79679.5,4,0.8495954360621684,0.3293323613694636,6022.5870007262165,0.0,0.15102248487476957,0.4082527837622358,0.2767073868926791,0.16337681617649888,0.0006405282938167381
11305608,번3동,224536970.75,46236.75,45364.0,15991.0,0.330352117070264,11~14,265.25,5264.5,10726.5,11916.75,11066.75,6124.25,1155946.5,22282115.25,49432173.25,59576435.75,52521641.25,32169221.5,0.0,37988217.0,74150402.75,65445985.25,43876251.0,3076114.75,4,0.9328444586593948,0.3525041883431796,4856.244670094676,0.0,0.1691846864821926,0.3302369427285061,0.2914708657171104,0.19540769100716124,0.013699814065029644
11305615,수유1동,133216009.5,21845.75,21835.75,10515.0,0.3451113139188815,14~17,219.75,4613.5,5901.5,4088.75,4070.5,2941.75,1155576.0,22727644.25,28717160.0,19567659.0,31737529.25,29074229.0,0.0,18095713.75,39469001.25,44737209.5,28284006.0,2630079.0,4,0.9789865957148742,0.481549752126673,6098.028655459299,0.0,0.13583738034128698,0.2962782130926989,0.33582457294669227,0.21231686871689398,0.019742964902427888
11305625,수유2동,39835394.75,6875.5,6806.75,3552.0,0.3027598851112103,11~14,118.75,1460.75,2091.25,888.0,1083.0,1165.0,533247.25,9027423.5,8921830.75,4718752.75,6409988.0,8505623.25,1022946.25,5208260.75,11442231.75,8979715.0,10586033.25,2596207.75,4,0.85702751872408,0.5218349432548574,5793.817867791433,0.025679330063623884,0.13074454973237085,0.2872378150589307,0.22542050998503033,0.2657444043528651,0.06517339080717909
11305635,수유3동,1656836229.5,206965.75,200879.0,102694.0,0.274235218090337,11~14,2686.0,42565.25,60128.75,39134.75,33878.5,22485.75,17622493.5,300728271.0,394457558.75,289124977.25,285336718.5,189259028.25,16747299.25,217124259.5,443182998.0,388622621.5,446509557.75,144649493.5,4,0.9257524392549774,0.5112231741496125,8005.364315110109,0.010107999180494744,0.1310475082775826,0.26748751029770984,0.23455705191651835,0.26949528855048493,0.08730464177720952
11305645,우이동,1586697180.25,125609.25,123200.75,42355.75,0.3663195325449816,11~14,1243.5,19407.0,22948.75,22468.0,28793.75,28339.75,8923972.75,164535325.0,278047002.75,278865033.75,413619995.5,370483144.25,6276655.75,112233264.75,580110330.75,493322901.75,336303325.75,58450701.5,4,0.8827275029268379,0.3437945791726106,12632.00902998784,0.003955799397721908,0.0707338905917237,0.36560872356160473,0.3109118159977268,0.2119518014754473,0.03683796897577552
11305660,인수동,702692906.5,84766.5,82345.0,35093.5,0.3481559692732755,11~14,562.0,14312.75,20780.75,16884.75,16902.0,12902.75,3330201.5,87750543.75,148664594.5,137510904.5,149604377.25,117763574.25,1079714.5,82627610.0,245141239.0,198309969.5,142607546.5,32926827.0,4,0.9716137808066804,0.4261764527293703,8289.747795414462,0.001536538208956575,0.11758708425214479,0.3488597034812959,0.2822142754901995,0.2029443376770447,0.04685806089035851
11320511,창1동,987745450.25,147919.0,147662.0,70630.75,0.2783586598226204,17~21,4024.5,31366.5,39264.25,25349.75,27465.0,20192.0,25332900.75,200827979.5,235548290.0,178900388.75,191762864.75,151424672.75,89450.0,142309837.5,271926906.5,262011294.25,271788791.25,39619170.75,4,0.9323598584730187,0.47832719318443473,6677.6103830474785,9.055976919697282e-05,0.1440754168637083,0.27530059129219464,0.26526196013728487,0.2751607625033452,0.04011070943427006
11320512,창2동,119687350.25,20156.5,19885.5,6983.5,0.3300790851488834,11~14,162.75,2369.5,4614.0,4405.5,4984.75,3349.0,973744.0,11586451.0,25206268.25,25727804.0,31182205.25,22285716.25,0.0,16703696.75,39301536.0,35097222.5,25401995.5,3182899.5,4,0.9566230280280014,0.3511855372004727,5937.903418252176,0.0,0.1395610874090681,0.32836833565040846,0.2932408682011072,0.2122362592783693,0.02659344946104695
11320513,창3동,75715868.0,9252.5,9174.25,2905.75,0.3828802184138122,11~14,17.25,820.25,2085.5,2708.75,2427.75,1114.75,102823.75,7171897.25,16127569.25,21744446.5,18733142.5,9400286.25,13303.75,11629453.25,28312617.5,24476743.75,10980935.75,302814.0,4,0.8363969164841177,0.3167288879199935,8183.287543907052,0.00017570623373161357,0.1535933425474301,0.37393241665010035,0.32327099188772423,0.14502819607113268,0.003999346609881035
11320514,창4동,537893674.5,91544.25,89222.75,33209.25,0.3590765818954633,11~14,1491.5,13394.25,19815.0,19321.25,20471.25,14729.5,6947701.25,68299689.0,106835258.75,111274813.25,117717905.5,86798174.5,2079281.75,102966233.0,193154604.75,124920783.5,98587200.5,16185571.0,4,0.9147570505997028,0.37220607972742376,5875.777828754946,0.003865599929080408,0.19142488168449356,0.3590943971028237,0.2322406628338218,0.18328380714207487,0.030090651307705607
11320515,창5동,952619918.5,160453.0,159113.75,62237.5,0.2856659792863327,11~14,2157.75,21882.0,40355.5,36053.75,36658.25,22006.5,11135175.0,134251909.25,253799654.5,212132527.5,197735363.5,129198016.5,6393039.0,139286589.5,271910086.0,247203135.5,242777126.5,45049942.0,4,0.9158895510555022,0.391150984751475,5937.06517484871,0.006711007061521987,0.14621423171512238,0.2854339707993414,0.2594981804382668,0.2548520367727331,0.04729057321301434
11320521,도봉1동,605895029.25,81885.0,81500.0,19505.25,0.33952591564158846,11~14,385.5,6609.0,12896.25,15227.0,18001.75,28380.5,1997918.75,41257430.75,78760332.75,103217445.0,119740633.25,252694992.25,0.0,75564911.0,206051100.25,182068340.0,135092345.75,7118332.25,4,0.9329214460673226,0.2393282208588957,7399.340895768456,0.0,0.12471617582593,0.34007722510128185,0.3004948567169649,0.22296328444420888,0.011748457911614399
11320522,도봉2동,323214557.5,44768.25,41623.75,15647.75,0.5098970870510878,11~14,74.5,4001.75,11646.0,9766.0,9779.75,6355.75,487420.5,26249615.0,79251632.75,66716078.75,71710740.5,48722960.75,0.0,59145136.25,164616285.0,72897197.5,25643619.5,912319.25,4,0.9269427375727526,0.37593321120754375,7219.727317909456,0.0,0.18299032292194944,0.5093096247683708,0.22553810095635932,0.07933930853346542,0.002822642819855043
11320660,쌍문1동,422292859.25,94067.5,93849.25,45831.75,0.38696765726997157,11~14,2999.75,33182.5,12649.25,15105.5,20172.25,9740.0,11687995.5,129319903.25,61810074.5,71533447.75,93983239.5,46166246.75,1366662.5,85979548.75,163020640.25,115238238.75,53155870.75,3531898.25,4,0.8177474215814103,0.48835499484545697,4489.253559943658,0.003236290811138076,0.2036017111506486,0.38603693308839676,0.2728870172104384,0.12587442478758892,0.008363622951789234
11320670,쌍문2동,205367186.25,33163.75,31605.75,11938.0,0.36595817193806757,11~14,590.5,4370.75,7567.25,6720.25,7528.5,4828.5,3009894.75,22983438.75,43750163.5,41617717.75,41794157.5,35801372.25,202944.75,32547898.0,74956014.5,55841056.25,38479993.0,3339279.75,4,0.926092943779558,0.3777160801436448,6192.520033168746,0.0009882043655842316,0.15848636091443746,0.36498535072079946,0.27190836700670823,0.18737167170005964,0.016260045292410975
11320680,쌍문3동,320270343.5,59582.5,59192.5,25873.75,0.3042782771483439,11~14,573.0,9488.25,16385.5,12217.5,11265.5,9262.75,2814555.0,46483280.75,82090987.25,63493013.0,63456157.0,56939879.0,0.0,42650154.5,96770931.25,82965112.5,86703944.5,11180200.75,4,0.8756386440487296,0.4371119651982937,5375.2417824025515,0.0,0.13316922832725533,0.3021538934653186,0.25904712747778974,0.2707211150195054,0.034908635710130934
11320681,쌍문4동,154421885.75,30183.5,30156.5,10285.25,0.33520288625874817,14~17,1463.25,4435.25,5850.0,8708.5,6409.0,3290.5,6486745.25,23351150.5,30403159.25,44971068.75,31962208.5,16248832.75,0.0,18948982.0,49139874.25,51223994.75,33087643.0,2021391.75,4,0.9267498081741363,0.3410624575133056,5116.102696837676,0.0,0.12270917368977927,0.3182183277411505,0.3317146044501014,0.21426783411754832,0.013090060001420491
11320690,방학1동,1124619222.0,148053.0,145725.5,52034.25,0.30087948146490623,11~14,1495.75,19620.25,32414.0,34263.5,31967.75,25964.25,9482432.75,135472086.0,238450535.25,241222691.0,257810576.5,207591594.75,9431419.5,159102781.75,338998602.75,281770870.25,272000877.0,63314670.75,4,0.9109791094913559,0.3570703137062491,7596.058316954064,0.00838632251299009,0.1414725790183942,0.30143411753814037,0.25054779852411235,0.24186041966833818,0.05629876273802476
11320700,방학2동,258715013.0,61218.5,61090.75,18241.0,0.30200438482334724,11~14,557.0,6028.75,12212.25,13007.5,17500.25,11785.0,2620591.0,22969307.0,51272782.75,62113210.0,70409099.0,47372520.0,2586761.25,43833808.5,78073692.25,67841171.75,55653454.0,10726125.25,4,0.8918920352093435,0.29858857519346216,4226.091998333837,0.009998496878880391,0.16942893259928446,0.3017748809575268,0.2622235600606603,0.21511489942023582,0.041459230083412284
11320710,방학3동,287200704.5,24606.0,23926.75,6197.25,0.3392979109996378,11~14,175.75,1997.75,4199.5,4459.0,6358.25,6736.5,1388700.5,19974123.75,41388162.25,49315484.25,75527309.5,84528898.0,0.0,17542472.0,97310843.0,88599123.25,67314997.25,16433269.0,4,0.9230093516850981,0.2590092678696438,11671.978562139315,0.0,0.06108088080960818,0.338825223877541,0.3084920122471357,0.234383120219679,0.05721876284603612
11350560,월계1동,828654501.0,132609.25,130515.25,60092.5,0.3258380816599884,11~14,4782.75,37191.5,22901.0,25014.25,25238.5,15387.25,21502319.5,178005214.25,140961803.5,159029732.25,158149799.0,107222157.5,399631.0,112148974.5,270694752.75,199720517.75,208939782.5,36750842.5,4,0.9064849270645577,0.4604251227346996,6248.843885324742,0.00048226492406393143,0.13533864157457826,0.3266678120052835,0.24101783977397354,0.25214342316110827,0.04435001856099253
11350570,월계2동,92471209.0,18157.0,18038.5,6543.5,0.33561685436291216,11~14,1404.0,3866.5,2677.0,4610.0,3426.25,2054.75,6561759.5,18951027.0,13777337.0,20922794.5,18476607.75,11310041.5,0.0,19307238.75,30976702.0,23521349.5,16910611.0,1755307.75,4,0.8697185837423718,0.3627518917870111,5092.868260175139,0.0,0.20879189272847076,0.3349875310919748,0.2543640312954057,0.18287433659486382,0.018982208289284937
11350580,월계3동,235717673.75,43300.5,42665.25,13902.25,0.38784018412247584,11~14,831.5,4652.5,9249.75,9195.75,9934.5,8801.25,3340436.75,20074661.75,44830872.0,44023681.75,65417638.25,48206887.75,0.0,44451199.75,93449150.5,59831440.25,37598689.75,387193.5,4,0.8890355536634877,0.32584480344073924,5443.763322594427,0.0,0.18857813689924896,0.3964452432154549,0.2538267042014706,0.1595073002030252,0.0016426154808003657
11350595,공릉1동,2561518900.5,299207.5,294505.5,154256.75,0.30473893591315393,14~17,3374.0,76171.5,78085.25,56056.5,51834.0,28984.25,26852603.25,651409579.25,651931800.5,478259743.25,416951316.5,244055705.0,18964805.5,175295238.25,712208293.5,728874190.0,732769142.0,193407231.25,4,0.9031837708930062,0.5237822383622717,8561.011674172605,0.007403734361006719,0.06843409908698427,0.2780413969855851,0.2845476525110653,0.2860682159545908,0.07550490110076781
11350600,공릉2동,1336835747.25,241638.25,237566.25,127061.0,0.3841850427036372,11~14,8039.0,87799.0,39262.0,37969.25,47306.25,17190.75,36180709.75,392540038.5,228059348.5,231197071.0,261755862.0,102662828.25,1600477.25,199448409.5,512566285.75,343796058.75,241938519.25,37485996.75,4,0.8628503101301466,0.5348444907473179,5532.38465867883,0.0011972130856706487,0.14919440171336276,0.3834175490926228,0.25717150327347366,0.1809784932424876,0.028040839592382467
11350611,하계1동,474030483.25,63979.5,61775.0,22535.5,0.34249113026861494,11~14,1193.0,9958.75,12576.75,15938.0,14573.0,7535.5,5381433.0,58706702.25,84898599.0,109611079.5,104869783.75,67202941.0,0.0,93611637.75,162216722.0,117253684.75,94663684.75,6284754.0,4,0.9522582738747147,0.36479967624443543,7409.0995279738045,0.0,0.19748020656433174,0.34220736372864896,0.2473547353876846,0.19969957227429003,0.013258122045044663
11350619,중계본동,513472620.25,87238.25,86467.25,23484.5,0.3066538319005975,14~17,5653.5,9402.25,14082.25,29262.25,22735.75,5331.25,23649658.0,50605664.25,80555294.5,182159869.25,131165084.75,35471660.5,2694.75,72336940.25,140200862.0,156756645.25,131242417.0,12933061.0,4,0.888972027076665,0.2715999410181311,5885.86566385731,5.248088980261455e-06,0.14087789182367802,0.2730444749551376,0.30528725207135327,0.25559769269898086,0.025187440361870005
11350621,중계1동,315666956.5,54677.5,54578.0,15359.5,0.3673618070726605,11~14,493.25,4496.0,10863.5,17126.25,14035.75,7563.25,2432191.5,22707159.75,60681247.75,105904580.25,80264493.25,42115130.75,73181.5,37642967.75,116030505.0,98460717.75,61007910.5,2451674.0,4,0.925300268257273,0.2814229176591301,5773.251456266289,0.00023183136053076244,0.11924899637064167,0.3675725400165538,0.3119132862105572,0.19326669847371244,0.00776664756800416
11350624,중계4동,425394618.75,88427.5,88366.75,29313.75,0.2853001409826472,11~14,1546.0,10288.75,19025.0,19076.75,22457.0,15973.25,7196357.0,50725482.5,86250759.25,93832601.5,110205071.75,76346048.0,82213.0,55967482.0,120202882.0,109955701.75,113015926.75,26170413.25,4,0.8880862118057001,0.3317282801506223,4810.659791919935,0.00019326290549132621,0.13156603194572028,0.2825679420985858,0.2584792964074137,0.265673146223832,0.06152032041895687
11350625,중계2?3동,1172799895.0,226359.25,225056.0,68698.75,0.32290673153681826,14~17,3483.5,25337.0,43361.75,50945.75,54168.5,47759.5,15825942.25,131293297.0,232623478.0,292419546.5,282262669.75,199563028.75,4083340.0,159182636.5,362509132.75,370714622.75,232851983.5,43458179.5,4,0.9139025404140654,0.30525180399545004,5181.144110523427,0.0034817022216735447,0.1357287267662997,0.3090971736060737,0.31609366979863174,0.19854365991395317,0.0370550676933681
11350630,상계1동,877957633.0,148960.25,145694.0,49914.0,0.3001445572765322,11~14,1759.0,19082.5,30831.5,26068.5,36813.25,31139.25,9583325.5,108025730.75,165677070.0,149898313.75,214302120.5,203878000.75,229927.5,140492165.5,263150848.25,241740122.5,202088165.25,30256404.0,4,0.9214768177347149,0.3425947533872363,5893.905474782702,0.00026188906088136946,0.16002157760156976,0.2997306912758511,0.2753437220814048,0.23017986022794792,0.03446225975234502
11350640,상계2동,4137207993.75,707850.25,691858.25,379309.0,0.2891682244876522,17~21,22277.75,200403.75,178905.25,125499.25,114997.5,49774.75,142331446.0,1106886204.0,979295084.75,718390600.5,646483247.0,315312560.0,60831290.25,520019909.0,1033151192.75,1024276994.75,1197134700.0,301793907.0,4,0.9165495017448843,0.5482466964873224,5844.750346206702,0.014703464351296007,0.12569344103211247,0.24972184002128042,0.24757686736981932,0.28935811344474055,0.07294627378075122
11350665,상계3?4동,427912587.75,86951.75,86679.0,32033.0,0.284126543636674,11~14,640.5,12726.75,19306.25,18374.0,20324.25,15307.25,2794910.25,58848858.75,88415919.0,84482223.5,112475290.0,77069111.5,401891.5,76940872.5,121418410.0,109498977.5,103718225.0,15934211.25,4,0.9829413783784873,0.36955894738056505,4921.264813531642,0.0009391906466532778,0.17980511605083063,0.2837458244414545,0.25589099417653205,0.24238180406273874,0.037237070621790797
11350670,상계5동,456757018.0,64036.25,63328.25,25568.0,0.30471153731881806,14~17,893.25,9181.25,16386.75,13088.75,15438.75,8339.5,4662533.5,68400271.75,118296175.0,87963710.5,103062396.25,64676941.25,2848744.25,63306712.25,131045134.75,139477688.0,108119247.5,11959491.25,4,0.9425291871585326,0.40373766841812303,7132.788350348435,0.0062368921280592125,0.13860041500227152,0.28690338535750753,0.305365177771609,0.2367106431630132,0.02618348657753957
11350695,상계6?7동,1466081433.0,211701.25,206284.75,94844.0,0.3317542471546169,11~14,4874.0,41522.0,53322.0,39424.0,45450.0,21692.75,28199606.0,268330552.0,344059923.25,263666827.5,305260347.25,168420869.25,15136179.5,195849313.75,486313437.0,360254070.0,332349659.75,76178773.0,4,0.9206889448250527,0.45977223231479786,6925.237489150395,0.010324241995908286,0.13358692726176827,0.33170970319491117,0.2457258252447973,0.22669249624826263,0.05196080605435237
11350700,상계8동,345713482.75,85599.75,85481.25,40418.5,0.2664378128460786,17~21,2177.5,15033.75,25384.75,18075.0,14536.5,10273.75,8657177.5,61051935.5,104365479.75,73344238.0,57449433.75,40076267.25,6434444.5,53751490.5,86157717.25,87018406.5,87073390.25,25278033.75,4,0.8744472944637977,0.4728346859691453,4038.720705960006,0.018612072774300846,0.15547987909650018,0.24921711633764737,0.25170671912419074,0.25186576339854944,0.07311844926881146
11350710,상계9동,285338510.75,64693.25,64000.5,27588.0,0.2845659978900761,11~14,1157.0,8646.5,18941.5,15801.25,11016.5,8437.75,5109998.75,36744668.0,81280163.0,69039243.75,48007939.75,33407633.0,0.0,62576982.0,80848438.5,76259210.75,58254449.25,7399430.25,4,0.8881456627056408,0.4310591323505285,4410.638061157849,0.0,0.21930787342906885,0.28334218990452203,0.2672587396266839,0.20415908492996857,0.025932112109756638
11350720,상계10동,146332151.25,18128.0,18128.0,10408.0,0.369718329105135,17~21,1131.25,6020.25,4387.75,2742.0,2579.5,1267.25,10924379.0,60219483.25,31889262.25,18877629.25,16738300.0,7683097.5,5230845.75,9750308.5,15025546.5,29933597.0,54195859.25,32195994.25,4,0.9444435122615613,0.5741394527802295,8072.161918027361,0.03574638727933004,0.06663134804423235,0.10268110166937766,0.20455926291181345,0.3703619388292154,0.22001996126603107
11380510,녹번동,577688423.25,78209.25,73925.25,31086.75,0.3956620487170166,11~14,378.5,10958.75,20128.0,16611.75,15478.5,10369.75,1962937.25,56830464.5,110386487.5,97279275.5,98646538.5,70488612.5,432463.25,107293477.75,228612897.5,150477036.75,83400910.5,7471637.5,4,0.891866951091215,0.4205159941968407,7386.446273938185,0.0007486098606010104,0.1857289733216062,0.3957373703524359,0.26048130911718076,0.144370056839286,0.012933680508890136
11380520,불광1동,792733251.25,148739.5,147115.75,58434.75,0.3218961294601018,11~14,1170.0,21162.75,37272.0,29403.75,29858.5,28248.75,4898081.25,105131003.25,173689291.25,156590585.75,163637496.75,158503939.5,0.0,155624021.75,255070763.75,210220659.25,153162757.5,18655049.0,4,0.9107870506544464,0.3972025428956451,5329.675380447024,0.0,0.19631322579771754,0.3217611514942745,0.2651846114926039,0.19320844339314575,0.02353256782225836
11380530,불광2동,199128988.5,27622.5,27506.25,9129.0,0.2977569715789766,14~17,143.0,3161.0,5968.0,4608.75,4805.5,8820.0,714400.5,13421568.75,30341556.75,25258751.75,33663497.0,92545076.5,1926872.0,19507683.0,42637327.5,56135590.5,56696647.0,22224868.5,4,0.9300504447572386,0.33188820722563056,7208.941569372794,0.009676501721395527,0.09796505846259547,0.2141191386607179,0.281905667893251,0.284723220999036,0.11161041226300408
11380551,갈현1동,481285772.5,74814.5,74493.0,36583.5,0.3059650041967832,17~21,1623.75,17165.0,19418.5,14538.0,12611.75,9136.0,10096529.75,103057371.5,116769395.0,84603439.75,85465912.5,69589201.25,34587.25,39118000.75,124517308.5,137614424.75,147410869.75,32590581.5,4,0.9068215023422073,0.4910998348838146,6433.0547220124445,7.186426854120231e-05,0.08127811579969361,0.25871803326577664,0.2859307974868507,0.30628553381972246,0.06771565535941539
11380552,갈현2동,905545753.5,117180.0,116626.25,56845.25,0.32571602742924716,17~21,4201.5,28339.25,28506.0,24027.75,22744.25,8807.5,31018948.0,240426606.75,220702603.75,170085249.0,146022421.75,63343283.0,5921812.5,78726856.25,185469283.75,250722801.5,294219176.25,90485823.25,4,0.9301376375263989,0.48741385408516524,7727.818343573988,0.006539495632453429,0.08693857372276884,0.20481492297120027,0.27687480232880357,0.3249081287310128,0.09992407661376107
11380560,구산동,510957028.25,75347.0,75060.5,29200.0,0.27363083999078697,11~14,2470.0,12216.0,16984.0,17084.0,17297.75,9008.75,13094314.0,73715077.25,108817415.75,120639288.25,116397662.0,66760659.25,457286.5,80692350.5,137449787.25,131208700.0,129378129.5,31770774.5,4,0.9183320672436618,0.38901952425043795,6781.385167956256,0.000894960778925346,0.1579239467091135,0.26900459265773885,0.2567900875135873,0.25320745649220844,0.06217895584842657
11380570,대조동,1318387857.0,232503.5,231644.5,92684.0,0.3102920484659048,14~17,4413.25,37251.5,55432.5,46065.75,51771.25,36710.25,21626041.5,197509215.25,283825618.25,250113382.25,296373883.25,257211342.75,5988107.25,148722050.25,385793161.25,406503408.0,323617947.0,47763183.25,4,0.9143038833420577,0.4001131043473944,5670.400045590712,0.004541992114237139,0.11280599215197414,0.2926249352204099,0.3083337015292306,0.24546490267014043,0.0362284763140078
11380580,응암1동,393485084.75,60790.75,59247.5,22918.5,0.35526249663130727,11~14,589.75,7858.25,15060.25,14720.25,13821.25,7197.75,3313259.25,42341750.0,82492778.75,89284309.5,88665520.0,57199577.0,50329.25,55930037.0,139851792.5,117266901.0,74076383.75,6309641.25,4,0.9264649131070763,0.38682644837334906,6472.778913732764,0.00012790637294924812,0.14214017040959773,0.35541828120080987,0.298021209811562,0.18825715794809425,0.01603527425698694
11380590,응암2동,3545659.25,110.0,110.0,8.25,0.5914576013134832,14~17,0.0,0.0,8.25,0.0,0.0,101.75,0.0,0.0,358301.0,0.0,0.0,3187358.25,0.0,83004.0,492491.0,1430437.75,622530.75,917195.75,4,0.7387961250362586,0.075,32233.265909090907,0.0,0.023410032986108296,0.1388996982719081,0.403433508169179,0.17557545892206083,0.25868130165074377
11380600,응암3동,316288743.0,58046.0,57598.0,22897.25,0.2893499534071433,11~14,742.5,7688.75,15208.5,14815.5,11769.5,7373.25,3673862.25,43268218.0,81286146.0,72986106.75,63011073.0,44991294.5,3993248.5,46093081.0,89759100.25,82405701.5,79235641.0,14801970.75,4,0.8995159008159451,0.39753550470502447,5448.932622402922,0.012625326030019349,0.14573101958295115,0.2837884756777449,0.26053947010058465,0.25051679123464726,0.046798917374052736
11380625,역촌동,419300492.5,65711.5,64469.5,23498.25,0.3344365796394988,11~14,735.0,9145.75,14352.5,14472.75,15015.75,10747.75,3651847.5,49089411.75,82224897.75,87456819.5,90366608.25,71515657.25,798236.25,73065997.5,139590658.25,107107495.0,80297602.75,18440502.75,4,0.8700511109950027,0.36448630747873023,6380.930164430883,0.0019037331562399727,0.17425688451820742,0.33291317503043477,0.2554432845079475,0.19150371675272954,0.043979206034440804
11380631,신사1동,661378518.5,102861.5,102721.25,41500.0,0.27648157865740974,17~21,1276.75,16679.75,24820.25,23999.0,22236.75,13708.75,8615288.75,104935358.0,154206660.25,152841466.25,149128691.25,87097905.75,12084502.75,84818975.25,162565634.5,158743455.25,182872089.5,60293861.25,4,0.9370864233941183,0.40400598707667595,6429.796556534758,0.018271689224814158,0.12824573656000895,0.24579817752275546,0.2400190674623491,0.2765014048456731,0.09116392438439926
11380632,신사2동,132781163.0,26486.5,26262.75,11992.5,0.24955298588469932,11~14,472.0,5270.0,6722.5,5154.75,4889.25,3754.25,2299687.0,25573933.5,32777078.25,25509789.0,23986846.5,18450866.75,7321162.25,18522520.25,33121853.25,28886979.0,28614167.25,16314481.0,4,0.9722735485056311,0.45663534854499244,5013.163800426632,0.05513705471912458,0.13949659598929706,0.24944692832672358,0.21755329104927332,0.21549869426885498,0.12286743564672649
11380640,증산동,476380196.0,51515.0,51192.25,24822.25,0.2640323928372689,14~17,913.0,10581.25,14241.0,10081.25,9979.0,5396.75,6372361.75,85521837.5,127087359.75,95467752.0,95018892.0,54681627.0,8444878.75,66513283.5,122695533.25,119235204.5,121317788.0,38173508.0,4,0.9390660264358794,0.48488296568328215,9247.407473551393,0.01772718265979302,0.13962226821872334,0.25755800572784515,0.25029420933358865,0.25466589295412273,0.08013244110592709
11380650,수색동,65197936.75,14168.0,13996.75,5022.25,0.3227023670958944,11~14,170.5,1605.5,3416.75,3558.5,3226.25,2019.25,743163.0,6562985.0,16073188.0,15696571.25,15185251.75,9390426.0,0.0,10356286.0,20980919.5,18723474.25,14097311.75,1039945.25,4,0.8363418068308088,0.35881543929840853,4601.774191840768,0.0,0.1588437689326112,0.3218034273147455,0.28717893822000434,0.21622328025587406,0.015950585276764913
11380690,진관동,906111472.25,125694.0,124121.5,54771.25,0.3509243542479497,11~14,1015.75,20582.25,34189.0,27980.0,26848.0,13506.5,5014966.75,130930410.5,224885433.25,198713359.25,213845798.5,108205342.0,3663.25,87443950.75,312255681.5,293863744.75,179318476.5,33225955.5,4,0.9086856526083035,0.44127125437575276,7208.868142075198,4.042824875512992e-06,0.09650462821408119,0.34461066994839606,0.324313016388917,0.1978989141973089,0.036668728426421264
11410520,천연동,193368987.75,29593.0,28794.5,11475.25,0.38604567330425676,11~14,488.0,4850.25,6625.0,5967.0,6464.5,4399.75,2629791.0,28915656.5,41504536.75,36707388.5,40844884.5,30940230.5,59657.5,23868040.5,74514583.0,43774783.0,42830432.25,8321491.5,4,0.9336155849770812,0.39852228724235533,6534.281341871389,0.0003085163794575431,0.12343261852752808,0.38534919103128,0.22637954260067228,0.22149587039972493,0.04303426106133712
11410555,북아현동,16519507.25,2764.75,2745.0,714.75,0.4771664072146836,11~14,12.0,251.25,463.5,347.25,756.25,914.75,43054.0,1440203.5,2223283.75,1567813.5,4115357.0,6889346.75,0.0,2191207.75,7946939.25,4779527.25,1601833.0,0.0,4,0.894346986521249,0.2603825136612022,5975.045573740845,0.0,0.1326436507360109,0.48106394033030253,0.28932626001904505,0.0969661489146415,0.0
11410565,충현동,1783897308.25,192403.75,167712.25,84371.75,0.5256568137396557,11~14,1913.25,31237.5,53134.25,38502.5,31283.75,11641.0,9688273.75,210154951.75,423107336.0,328851925.5,278678007.5,105930279.0,7054692.5,292816159.5,939780081.75,318279968.5,150088195.25,75878210.75,4,0.9170754696225674,0.5030744623603821,9271.634821306758,0.003954651687277134,0.1641440671196775,0.5268128817750852,0.17841832432172458,0.08413499732069009,0.04253507777554549
11410585,신촌동,11622793003.25,1587357.0,1556618.75,1047921.25,0.27688284157484955,17~21,49126.5,733261.25,314660.0,163943.0,205260.0,90368.0,341661062.25,4981432961.25,2300623255.25,1236987755.5,1474244038.5,717617227.0,158096221.75,1399465104.25,3085170950.0,2997137480.0,3199378747.25,783544500.0,4,0.8932935539260384,0.6732035381174741,7322.103977397649,0.013602257366692554,0.12040695415109581,0.26544144330345687,0.25786723373305637,0.27526763544316585,0.06741447600253252
11410615,연희동,4368285159.75,417894.0,409169.75,247302.75,0.3696571111252473,14~17,3203.5,124142.75,123160.0,61457.5,63219.5,33986.5,31224960.0,1251008886.25,1275992278.5,646180907.25,640353675.5,362434776.5,4919268.0,338090762.0,1370630630.25,1611876240.25,957995850.0,84772409.25,4,0.946220877726976,0.6044013517617077,10453.09375044868,0.0011261325257166895,0.07739667847585051,0.3137685796887038,0.3689951963534928,0.21930707702581093,0.01940633593042529
11410620,홍제1동,204435736.5,22729.25,22006.25,8500.75,0.3301396525235599,11~14,284.5,3633.75,4867.0,5509.0,4989.0,2723.0,1990704.75,27385625.25,43866300.5,47695757.5,45740632.75,27120626.75,0.0,20121363.5,67039103.5,62408139.0,51226458.0,3640672.5,4,0.966866269379522,0.3862879863675092,8994.389894079215,0.0,0.09842390496144983,0.3279226257000326,0.30527020406728156,0.2505748695262973,0.017808395744938654
11410640,홍제3동,248304049.0,35474.25,34856.75,16118.0,0.45257602014886095,11~14,842.5,8678.0,7440.0,7299.0,5997.25,4600.0,3468744.25,42512182.25,53045151.0,60168605.75,47263072.0,33301481.5,837530.75,46602793.0,112300256.5,62526583.25,25521642.5,515243.0,4,0.8485100327168934,0.4624068508968851,6999.557397267032,0.003373004803477852,0.18768438608908872,0.4522691311409102,0.2518145938490113,0.10278383539367898,0.0020750487238329327
11410655,홍제2동,223280166.25,56996.0,56525.25,20974.0,0.31097589610262816,11~14,722.75,7507.0,13467.0,10968.5,15739.75,8120.25,3063726.75,28582743.5,50059758.75,41943313.25,60182806.75,30780036.0,0.0,49654662.5,69425938.75,53842766.75,45357019.25,4999779.0,4,0.9340147194294752,0.37105541328875147,3917.4708093550425,0.0,0.22238725155911604,0.31093643432827744,0.24114442251764492,0.20313949067565243,0.02239240091930915
11410660,홍은1동,177668957.5,36734.5,34280.5,10617.75,0.34986344333038266,11~14,246.5,3101.75,7516.0,8675.75,7918.25,6822.25,1349012.25,16906453.25,34400914.75,39016598.75,40573421.5,31657830.75,55521.5,27710472.25,61227061.25,45502929.5,34942563.25,8230409.75,4,0.8787081684624047,0.30973147999591605,4836.569369393894,0.0003124997229749603,0.15596687592428746,0.34461316209389026,0.2561107474275578,0.19667230416433326,0.04632441066695627
11410685,홍은2동,402109132.75,66604.75,65968.25,29562.0,0.3183447029032388,11~14,2891.5,16672.0,12890.0,14125.25,13854.75,5534.75,14531913.25,87441586.0,76654904.25,91347230.25,83389059.0,36470473.0,988679.75,69220456.0,127724633.75,111487344.0,75935042.0,16752977.25,4,0.8850485040038479,0.4481246660325232,6037.24408169087,0.0024587348793559576,0.17214345649551777,0.3176367392516031,0.2772564334402077,0.18884187354981183,0.041662762383503714
11410690,남가좌1동,27000000.0,3016.75,2875.5,1235.0,0.3583369259259259,11~14,5.25,190.75,1044.25,1124.75,357.25,153.25,34251.0,1630923.75,8434509.0,9983327.0,3551576.0,1418957.75,0.0,4599154.5,9675097.0,7180666.5,5257191.5,287890.5,4,0.9816907978659227,0.429490523387237,8950.029004723627,0.0,0.17033905555555556,0.3583369259259259,0.2659506111111111,0.19471079629629628,0.01066261111111111
11410700,남가좌2동,882846938.75,134360.25,133955.5,68810.25,0.2906719425936937,11~14,4867.25,40990.0,27820.25,26275.25,25672.0,8330.75,30012860.0,250625840.25,176747148.25,182880945.75,167827874.5,59974362.0,5430633.75,98205124.75,244802865.0,252773288.5,229396811.75,52238215.0,4,0.9210232659446754,0.5136799160915378,6570.74498410058,0.006151274373436796,0.11123686387704541,0.2772880034523425,0.2863160955826557,0.2598375796316369,0.05917018308288267
11410720,북가좌2동,525465279.25,87813.75,87152.25,35378.0,0.3254635259009348,11~14,446.5,11624.75,23753.25,22678.0,16641.5,12008.25,2245388.0,72749629.25,137760827.75,127381265.0,99954012.5,77370213.75,920595.0,75336310.75,170756185.25,138969378.5,122054696.5,17428113.25,4,0.9505314665843768,0.4059332948948535,5983.861061052512,0.0017519616164058855,0.143370673049089,0.32496188043807844,0.2644691932801952,0.23227927956383618,0.03316701205239528
11440555,아현동,641112133.0,92328.75,81488.75,42264.75,0.4018058409981853,11~14,397.25,12857.5,29407.25,19023.0,12395.75,7408.0,2494001.75,70427956.25,165082670.25,128675049.25,82121491.75,57159070.0,3138971.25,138727333.25,257041761.5,148639548.25,81773746.25,11790772.5,4,0.9275756319103537,0.5186574833949471,6943.797387054412,0.0048961345269065435,0.21638544352739617,0.40093105132359114,0.23184641281777146,0.1275498341723007,0.018391123632033962
11440565,공덕동,877261149.75,134512.5,124728.75,58901.5,0.4521881110575049,11~14,535.25,19144.0,39757.5,28421.0,23721.75,13149.25,2880247.25,93274463.25,215587654.5,171566042.25,151610056.75,85548182.25,1263868.75,172414017.25,398233219.75,160819010.5,96957323.0,47573710.5,4,0.916082648469252,0.4722367537556498,6521.7816169500975,0.0014406984172958925,0.19653670665700193,0.4539505936897897,0.18331942608632545,0.11052275941734191,0.054229815732245126
11440585,도화동,2586795398.5,431851.75,394848.5,174247.25,0.37863591753669,11~14,2347.75,52291.75,121955.5,83672.25,74099.25,60482.0,11854889.0,267958168.0,671648661.75,474848373.5,434801915.75,345574767.5,7372262.5,529344670.5,982865938.0,488431184.5,465846063.5,112935279.5,4,0.902767582811226,0.441301537171852,5990.007910121934,0.0028499596467022243,0.20463337409945528,0.3799550357055423,0.188817091905771,0.18008616521048756,0.04365837343204165
11440590,용강동,1246753559.75,166593.75,150953.25,70805.0,0.42919410915927286,11~14,670.5,19894.5,50910.5,37546.75,26972.75,14958.25,3125002.5,101919022.25,284303238.25,234248443.0,206319150.25,152961454.25,4952138.5,224588617.25,534822061.5,243342650.25,123489135.5,115558956.75,4,0.9170501392280903,0.46905250466617976,7483.79551903958,0.003972026758033084,0.18013874152886694,0.42897175413498956,0.1951810350545903,0.09904855256620414,0.092687889957316
11440600,대흥동,1460192729.75,279547.5,276270.5,147234.5,0.32833977976161943,11~14,7086.75,81740.5,65494.0,47857.5,52050.25,22041.5,30076664.25,383401262.75,344166320.5,263739742.25,260448865.75,117329126.25,2509834.25,255263127.5,477471558.25,395759208.25,291645713.5,37543288.0,4,0.88242250684712,0.532936017417712,5223.415447285345,0.001718837656745291,0.174814681856212,0.32699214872255117,0.27103217279937974,0.1997309721915495,0.02571118677356228
11440610,염리동,1355061720.5,126894.0,118087.75,59914.75,0.4002272531026967,11~14,3047.0,19822.75,40092.0,28413.0,19530.75,7182.25,13265887.0,186261016.75,415935466.0,292188484.5,177504532.0,75393984.25,0.0,191857177.75,541439511.0,264468360.25,274201384.25,83095287.25,4,0.8559972453805711,0.507374812374696,10678.690249341971,0.0,0.1415855638510748,0.39956815457838774,0.19517071159859392,0.20235342796697356,0.06132214200497002
11440630,신수동,893148820.75,102914.0,96412.25,34437.75,0.39016566603919967,11~14,433.75,11468.0,22969.75,31578.5,17411.25,12551.0,3266727.25,95926710.0,188334248.25,233097714.25,162752236.5,132049061.75,0.0,156259081.75,348568503.75,225136063.5,137640899.25,25544272.5,4,0.9659201791169846,0.357192680390718,8678.5939789533,0.0,0.17495301804103064,0.3902692313441091,0.25207004506925,0.15410746345096152,0.028600242094648703
11440655,서강동,3817046607.5,417177.75,408677.75,296495.5,0.3035816145055816,11~14,14584.75,199955.0,96540.5,39688.25,41482.75,16426.5,107838537.75,1526286462.5,996717142.75,376044937.0,374345431.0,177660778.75,97814056.75,256689574.0,1085435348.25,1039564482.0,1045195120.25,292348026.25,4,0.8703989565953245,0.7254994919591292,9149.68884965701,0.02562558616858597,0.06724821580528736,0.2843652330881317,0.272347861814784,0.27382299136623783,0.07659011175697308
11440660,서교동,28972137689.25,3184078.5,3083688.5,2157233.25,0.30592481622333917,14~17,114344.5,1319245.25,837988.0,370611.0,327858.75,113641.0,1078474538.75,11819514571.75,7419305204.75,3431524270.75,2688349959.0,1037391494.0,398467824.75,1792365843.0,7254669133.25,8858919050.5,8612393764.0,2055322073.75,4,0.9133820172333851,0.6995626341635999,9099.065142159654,0.013753483744413169,0.0618651568698381,0.2504015827572785,0.3057737452969191,0.2972646981170325,0.0709413332145187
11440680,합정동,4228705108.5,528427.25,506821.75,346932.5,0.2812091333449554,11~14,5232.75,156696.5,190236.0,72360.5,55021.5,27274.5,40722033.25,1247235324.5,1387256387.25,573088249.25,426106777.5,203181937.5,55937208.5,483598227.75,1185777100.0,1127163000.0,1048443841.75,327785730.5,4,0.9426282134336712,0.6845256739672281,8002.435734531102,0.01322797571946131,0.11436083040596351,0.2804113953504356,0.2665503909776829,0.24793496232275758,0.07751444522369914
11440690,망원1동,1832692552.5,235009.75,230532.5,145463.25,0.3219301692647343,14~17,2720.25,68777.75,76685.5,35209.75,32386.0,14753.25,22288839.75,623652617.0,573291310.75,250034620.0,213524081.5,87396819.0,20708208.5,137859390.0,543954209.25,587080182.0,445412916.25,97677646.5,4,0.9000706899549242,0.6309880385628924,7798.368163448537,0.011299335762428706,0.07522232237586397,0.29680603465539535,0.32033751716792663,0.24303744544735906,0.053297344591026266
11440700,망원2동,625716658.5,85312.5,82863.25,42891.75,0.31818358449441986,14~17,781.25,16879.5,26012.25,16047.5,16333.75,6809.0,4975360.0,132657880.0,183640575.25,108459901.0,111395695.75,53773215.0,3967909.25,58866598.5,190261165.25,197690144.0,139276838.0,35654003.5,4,0.9031069362451779,0.5176208994940459,7334.407718681318,0.006341383429861169,0.09407868194066947,0.3040692023544711,0.3159419544205726,0.22258770980124065,0.05698106805318497
11440710,연남동,4444489104.75,371499.0,361747.75,264000.25,0.38149249529458046,14~17,8443.5,136065.0,127935.25,47527.5,31691.5,10085.0,115671944.0,1809883615.75,1320752187.5,492397251.75,409538453.0,142153006.75,13144189.0,210854996.5,1106064361.75,1694417480.0,1285454509.5,134553568.0,4,0.9674515075282087,0.729790993862436,11963.663710400297,0.0029574128072340842,0.04744189748933145,0.2488619806870278,0.381240102082624,0.289224358346651,0.03027424858713172
11440720,성산1동,788400741.75,103712.0,96221.5,47550.0,0.4154537507157655,11~14,1139.75,16162.25,31387.75,24964.25,16063.75,6503.75,5533066.25,109303944.0,214472104.25,178787228.5,112562692.25,54410725.75,466272.75,117912285.0,327174751.75,236294087.25,97744991.5,8808353.5,4,0.9391064100760619,0.49417230036946,7601.827577811632,0.0005914159199863538,0.14955882047786012,0.41498534238282886,0.29971317216863846,0.12397881727386136,0.011172431776824872
11440730,성산2동,1317740188.25,206256.75,201517.0,95585.75,0.4037604101936284,11~14,1439.25,33279.25,62306.5,46287.0,36798.0,21407.0,6681721.25,156661764.25,325896479.0,276252060.75,202426823.25,132539820.5,0.0,195420715.0,554744907.0,344790623.25,203196551.75,19587391.25,4,0.8851398065685558,0.47433094974617523,6388.8342478488585,0.0,0.1482998824370112,0.4209820053653509,0.261652961884613,0.1542007700469782,0.014864380266046728
11440740,상암동,6564225556.25,854115.25,704079.5,408952.5,0.44118394637381053,11~14,2707.5,135283.5,273669.0,159906.75,101450.25,31062.5,13839557.25,740711702.0,1620639318.0,1011564987.0,631591704.5,199950548.0,23317985.25,1490528114.5,2890904331.5,1228081370.0,738930759.25,192462995.75,4,0.9063361552319233,0.5808328462907952,7685.409616852058,0.003552282756005883,0.2270683878436844,0.4404029548843704,0.1870870157456284,0.11256937363257444,0.029319985137736482
11470510,목1동,3974130296.0,696810.5,675940.25,239394.25,0.2993429379608712,11~14,28372.5,108259.25,131135.0,199382.5,169258.25,39532.75,131494534.75,585510350.25,756614854.25,1097072459.0,895565538.0,244022837.0,36624376.75,650479780.75,1188369068.75,930241994.5,935183746.75,233231328.5,4,0.9284491549547712,0.3541648096854715,5703.31574509856,0.009215696019544901,0.16367852392879872,0.2990261969885851,0.23407435720874512,0.2353178373872823,0.05868738846704386
11470520,목2동,376959401.5,59326.0,58244.5,34314.5,0.2289818787745938,11~14,342.5,9507.25,24807.25,9554.0,8999.75,5033.75,3807809.5,78065271.0,142722397.0,59114977.0,56282566.0,27846037.5,44257497.75,47234012.25,86104777.25,64168382.5,75405969.5,59788762.25,4,0.897901534287305,0.5891457562516632,6354.0336698917845,0.11740653654979871,0.12530265079487612,0.22841923270084563,0.1702262425201776,0.20003737590823822,0.1586079615260637
11470530,목3동,522298493.0,116408.0,116244.5,53533.5,0.3044541652447917,11~14,1784.25,19013.75,34519.75,24799.0,21802.0,14325.75,7796471.75,82927034.75,153026354.75,112464454.25,98686428.75,64608548.75,0.0,83192871.75,159119562.75,137177934.25,128093831.75,14714292.5,4,0.922270427892507,0.46052501408668794,4486.792084736444,0.0,0.15928223585741802,0.30465254042002377,0.2626427916000133,0.24525024189568168,0.028172190226863243
11470540,목4동,92716613.25,15724.5,15341.25,6385.25,0.35398041117366774,11~14,202.0,1875.25,4510.0,3680.25,3739.75,1334.0,972026.5,13647068.5,26475547.0,21565260.25,18371223.75,8084061.5,0.0,12093805.0,32877160.5,26335158.75,19395894.25,2014594.75,4,0.9406075624725925,0.41621445449360384,5896.315510827053,0.0,0.130438381818266,0.35459837614377054,0.28403926574615257,0.20919545667291725,0.02172851961889365
11470550,목5동,1021487888.0,219972.5,217318.0,55427.5,0.2867816726491088,11~14,12662.0,23805.25,31622.25,79516.75,51526.75,18185.0,51968199.0,99708857.5,145769758.75,379414782.0,240209651.0,86406976.0,0.0,155916740.75,292869718.75,273377593.25,250407161.25,48916674.0,4,0.89651741621944,0.2550525037042491,4643.707227039744,0.0,0.15263689621937054,0.28670894896602045,0.26762685731423963,0.24513962837119807,0.047887669129171306
11470560,신월1동,129466784.5,22599.0,22430.5,8799.0,0.31343970836539375,11~14,54.75,2646.0,6153.0,6139.5,4205.75,3231.5,340310.0,13150160.5,32092058.25,35856162.0,21705427.25,23368325.0,20545.0,17241207.0,39501407.0,39511170.75,29343932.0,3848522.75,4,0.918246778926202,0.3922783709681015,5728.872273109429,0.00015868935093541308,0.13317089063874912,0.30510842725069764,0.3051838423468376,0.22665220360053046,0.029725946812249746
11470570,신월2동,140589691.25,14435.5,14276.25,5405.0,0.26171513158138665,11~14,29.5,1468.5,3936.5,4113.75,3185.25,1542.75,393644.25,14702159.25,38742630.5,40832822.0,29585157.75,13508970.75,431370.25,13791385.25,36844334.25,30173088.75,30056471.25,29293041.5,4,0.9182563643284992,0.3786008230452675,9739.16326071144,0.003068292178214738,0.09809670344517525,0.2620699563560639,0.21461807392652624,0.2137885856549244,0.20835838843909546
11470580,신월3동,195501711.75,41354.25,41214.25,15470.25,0.285192054254499,11~14,312.75,3918.25,11552.0,10056.5,9973.0,5401.75,1485611.5,19895381.75,52082823.5,43273305.5,43936007.5,32444407.5,2539.0,37011280.5,55616764.0,50298239.0,45551320.75,7021568.5,4,0.9132177454466284,0.3753616770898415,4727.487785415042,1.2987098564368452e-05,0.18931435519771095,0.2844822354861044,0.2572777422241675,0.23299704305530206,0.035915636938150745
11470590,신월4동,206851617.75,41020.0,40947.25,13822.75,0.3208192532954548,11~14,480.5,3868.25,9954.5,12446.5,8471.5,5726.0,2251096.5,20043888.25,47574553.0,60425999.0,42449963.25,30375937.0,0.0,34546357.5,66256861.5,54642929.75,45819523.5,5585945.5,4,0.9511187440593794,0.3375745623943,5042.701554119942,0.0,0.16701033270018986,0.3203110626868665,0.2641648653482673,0.22150913779836753,0.027004601466308814
11470600,신월5동,330883703.0,71356.75,69752.75,24743.75,0.3020453507987323,11~14,733.75,7990.75,16753.0,14830.5,15070.0,14374.75,2698055.75,33783208.25,66383513.25,65210057.75,64068075.75,72408219.5,1926362.25,80954900.25,99465811.75,81647920.5,53821467.25,13067241.0,4,0.9022168504651099,0.35473511797025925,4637.03438006916,0.005821871045731134,0.24466270026602066,0.3006065600940159,0.24675715292028147,0.1626597706747739,0.039491944999176944
11470610,신월6동,55650748.5,10641.0,10636.5,3865.25,0.2868845034275021,11~14,134.25,1214.75,2650.5,2872.25,2629.25,1135.5,879304.75,7062411.5,13559944.75,15392890.0,12715234.5,5887582.75,0.0,8570643.25,15919218.75,14923503.0,14429595.5,1807788.0,4,0.9288800564844983,0.36339491374042215,5229.841979137299,0.0,0.1540076904805692,0.28605578862968933,0.2681635629752581,0.25928843526695783,0.03248452264752558
11470611,신월7동,106419875.75,18885.5,18838.75,5133.5,0.32466288073587096,11~14,95.0,1477.0,3656.5,3357.75,4687.5,5565.0,473669.5,9625366.5,20456615.0,19279925.0,25082269.5,30397323.75,1394873.5,17569163.5,34478354.5,26715143.25,21468198.5,4794142.5,4,0.9076233472575564,0.272496848251609,5635.004408143814,0.01310726488045162,0.16509287739889134,0.3239841642081602,0.2510352794693993,0.20173109908935408,0.0450493149537435
11470620,신정1동,379934308.0,43677.25,42129.5,13754.5,0.4339451964816683,11~14,549.75,4269.25,9485.25,12459.0,10207.25,5159.0,2654002.75,29867522.5,80367504.5,110257985.75,89133211.0,53999645.75,0.0,57690818.75,164802876.5,84943205.75,69846937.0,2650470.0,4,0.9433156066647799,0.32648144411872915,8698.677412153924,0.0,0.15184419394418047,0.4337667671222784,0.22357340193136757,0.1838395099607588,0.006976127041414749
11470630,신정2동,292171198.25,46274.0,45206.0,13456.0,0.3837995142539948,11~14,771.5,5609.25,7846.75,14294.75,11120.5,5563.25,3088827.25,29834967.75,49364193.75,84244522.25,71346372.5,41636602.75,71328.0,33469398.25,111465579.75,87285643.0,53753318.0,6125931.25,4,0.8857834087933675,0.29765960270760516,6313.938675065911,0.00024413083982004034,0.1145540643652407,0.3815077612633914,0.29874828019602717,0.18397883953641894,0.02096692379910175
11470640,신정3동,1082050843.75,150152.0,147501.5,57338.25,0.28059329995581206,11~14,2481.25,21425.5,35912.75,40324.75,29757.75,17599.5,15339200.5,155957355.5,237881369.0,280063341.25,219113177.25,128870779.0,25191.5,172533739.75,296978632.75,278748075.75,281869956.75,51895247.25,4,0.8517676270021834,0.38872994511920217,7206.36983689861,2.3281253506254196e-05,0.15945067715308087,0.27445903717498027,0.25761088525559406,0.2604960371114724,0.047960082051366176
11470650,신정4동,1011295700.0,155545.25,151369.25,68539.5,0.35700105197849463,11~14,2544.5,24398.75,44140.75,35350.75,31145.0,13789.5,13691613.75,143104938.5,263554274.5,226864252.0,212225185.0,106683694.25,7893018.5,149604892.25,359355513.5,245038061.5,211151080.5,38253133.75,4,0.9042562734734477,0.4527967206021038,6501.617375008237,0.0078048571748104935,0.1479338755717047,0.3553416804798043,0.2423011009539544,0.2087926216832525,0.03782586413647363
11470670,신정6동,427642584.75,72296.25,72079.25,24226.0,0.4514532706617676,11~14,797.5,6883.5,17342.5,22492.25,16672.5,7891.0,3135981.25,39870861.25,109293913.0,122083978.0,108460424.0,42324343.25,0.0,102714317.0,194099238.25,103096281.25,25698946.0,2033802.25,4,0.9020162838651663,0.33610227631391837,5915.141999066342,0.0,0.24018729813834333,0.45388192189388826,0.2410804838584308,0.06009445017040015,0.004755845938937446
11470680,신정7동,1045055759.5,221125.75,213982.75,59028.0,0.3544681428807318,11~14,6161.75,22316.75,36711.25,70262.75,50404.75,28125.5,22478731.5,90763071.25,172738397.25,311838580.5,230922828.75,144739382.5,74814.25,191564368.25,369219567.25,274078140.75,195012565.0,15106304.0,4,0.8784275416040125,0.2758540115967292,4726.069937580765,7.158876387207739e-05,0.18330540405006973,0.35330130846477575,0.26226173891537696,0.18660493780092888,0.014455022004976567
11500510,염창동,2112361173.75,434393.0,410567.25,204647.25,0.3735958765305825,11~14,3697.75,70450.25,134197.0,94523.5,71916.0,35782.75,16336623.75,310082899.75,625103978.25,450753816.75,327659412.75,173713349.25,728540.25,410347933.0,789488089.75,477608303.25,372949172.0,61239135.5,4,0.9245305670254839,0.49845001032108627,4862.7882441706015,0.0003448937894965416,0.19426030836929456,0.37374673401540026,0.22610162939234435,0.17655558937296528,0.02899084506049897
11500520,등촌1동,2460763466.0,331385.5,309955.25,167088.5,0.4155910277367262,11~14,1487.5,49038.75,118049.75,65541.0,48096.5,27741.75,10301218.25,309022942.0,745093293.75,454749388.25,342412948.5,219812217.5,10393384.5,473678382.0,1018673322.75,489391882.0,397896131.0,70730363.75,4,0.8173493580781043,0.5390729790832709,7425.682372946312,0.00422364223282889,0.19249244738258806,0.4139663713416005,0.19887806721850934,0.16169621196741224,0.028743259857060964
11500530,등촌2동,256186268.25,34011.25,33593.5,16250.5,0.2921164245906663,11~14,148.5,5407.75,10842.75,7105.5,5530.5,4558.5,1036523.75,36456593.25,79317821.25,49399547.25,44846091.25,38946294.25,0.0,37353696.75,74754142.0,67969688.75,62919521.0,13189219.75,4,0.9652061543626117,0.4837394138747079,7532.397905104928,0.0,0.14580678740184586,0.29179605335853126,0.2653135517929931,0.2456006773110877,0.05148293013554211
11500535,등촌3동,1088008696.5,180829.0,176779.75,68720.5,0.3188743378254971,11~14,3493.0,21820.0,46900.5,41212.75,36316.75,27036.75,18060014.0,128604634.5,258374699.75,240876164.5,197537419.5,189926343.0,1189237.25,137868184.5,341793924.5,309182331.75,248171100.75,49803917.75,4,0.9210457266614815,0.3887351351045581,6016.782133949753,0.0010930402062278002,0.12671606848686617,0.3141463166604386,0.28417266584780465,0.2280966149887755,0.0457752938098873
11500540,화곡1동,1797925731.25,234775.5,234273.25,134882.5,0.2982833084101853,17~21,2737.25,58534.75,76347.75,42337.0,33992.75,20323.75,21550403.25,443988511.0,561709912.75,310324224.5,277064911.5,171058320.0,4479584.75,145752487.25,469682411.0,489275175.5,536282598.0,152453474.75,4,0.9738764482920773,0.5757486183335059,7658.063687437573,0.0024915293619417684,0.08106702335733647,0.2612357133759109,0.2721331404272375,0.29827850432239594,0.08479408915517739
11500550,화곡2동,47309151.25,6654.0,6515.0,2789.75,0.4108252084326748,14~17,12.75,1145.25,1644.5,2427.75,1028.0,256.75,71002.75,6353054.0,11548549.5,17253032.25,9109920.25,1882311.75,0.0,4563640.75,16917147.75,18228670.25,7516688.0,83004.5,4,0.891518442583304,0.42820414428242515,7109.881462278328,0.0,0.09646422794363702,0.3575872173356735,0.3853096022304987,0.1588844399316929,0.0017545125584978657
11500560,화곡3동,831284047.5,153904.5,152477.25,78761.25,0.29055473055974124,17~21,2718.0,35639.25,43122.0,30211.75,26359.25,14427.0,17558386.0,185489502.75,213947994.5,170173001.75,139956350.75,86626989.75,0.0,111840008.25,218378389.0,219671315.0,236883659.75,44510675.5,4,0.8761997119845918,0.5165442713585141,5401.297866534117,0.0,0.13453886019627967,0.2627000838723541,0.26425541986597545,0.284961151922021,0.05354448414336978
11500570,화곡4동,480020540.75,75760.0,74585.5,30631.25,0.2846139122598241,11~14,921.5,10518.0,20113.25,16491.0,16209.5,10332.25,4189648.5,66968821.0,114826448.5,99685916.0,103178607.25,61399537.25,2376677.5,66657275.0,127690100.0,120059585.0,130015196.0,33221707.25,4,0.8472672075298552,0.41068639346789926,6336.068383711721,0.004951199580515034,0.13886338050420188,0.2660096582544004,0.2501134322552425,0.27085340097500815,0.06920892843063195
11500590,화곡본동,228592861.75,44152.0,43922.25,19234.5,0.29580155358636195,11~14,226.75,7258.75,11975.75,11782.0,8183.25,4495.75,1003014.0,35597712.75,64272122.25,60288470.0,38887092.25,23317727.5,0.0,34846419.75,67587057.75,63137369.0,53958368.75,9063646.5,4,0.9260680055169964,0.4379215545651691,5177.406725629643,0.0,0.15243879219688714,0.2956656530417665,0.2762000900493998,0.23604572923633738,0.03964973547560918
11500591,화곡6동,916484161.75,121891.0,118366.0,59888.0,0.34761252076615917,11~14,1028.25,20874.75,39013.25,24840.5,20226.0,12383.25,6206434.5,134694327.75,269180879.0,187037153.5,150636522.25,111402120.75,9028978.0,121981292.25,317079216.75,194199000.0,214992097.0,59203577.75,4,0.9321132725437571,0.5059561022590947,7518.882950751081,0.009851755629643863,0.13309699975292563,0.345973482121662,0.21189564217801934,0.23458353779892804,0.06459858251882114
11500593,화곡8동,236765117.5,36613.5,36010.5,17225.5,0.3413729141324324,11~14,83.25,5383.5,11842.0,6996.5,6138.25,5567.0,437388.5,31885192.25,69987829.75,39625410.75,41706669.25,48935549.0,321904.25,23231878.0,80941932.5,64178378.5,59267177.75,8823846.5,4,0.8925242806902861,0.47834659335471597,6466.607057506111,0.0013595932263966207,0.09812204705365857,0.3418659528678248,0.2710634876355889,0.25032056400791386,0.03726835520861725
11500603,가양1동,2173068622.25,326682.75,293698.25,166463.5,0.4529787831349318,11~14,1922.75,54955.0,111508.5,60049.25,41579.75,23683.0,10933631.75,311441877.5,652582023.75,388554598.25,251471381.25,138989206.0,4616174.5,347624761.25,984226833.0,417970842.25,347314104.25,71315907.0,4,0.9297250667384019,0.5667841057956593,6651.923379027512,0.002124265406409671,0.1599695277409457,0.4529202727067723,0.19234129929004823,0.15982656999132877,0.03281806486449533
11500604,가양2동,132835857.0,25568.5,25213.75,11993.5,0.3137907994914414,11~14,240.5,3816.5,8177.0,4959.25,4212.0,3808.5,1179827.0,18840517.75,40666631.75,28770161.0,20570348.75,18281295.0,0.0,20225985.0,41720041.75,39046422.25,29868817.0,1974591.0,4,0.910455553563779,0.4756729958851817,5195.293310127696,0.0,0.15226299176132843,0.3140721390460107,0.2939448965952017,0.2248550780983782,0.014864894499080922
11500605,가양3동,262790639.25,54002.5,47759.25,21706.25,0.4787214606910867,11~14,140.25,5938.25,15768.0,11534.5,9990.0,4388.25,844877.5,23850390.25,66713166.75,49262562.75,48743724.0,17970498.5,0.0,79414909.25,125719620.5,44384491.0,13271618.5,0.0,4,0.942020954463358,0.4544931086648136,4866.268029257904,0.0,0.3021983944201696,0.4784022020677816,0.1688967732133556,0.05050263029869318,0.0
11500611,발산1동,2008900936.75,346107.25,338005.75,134382.25,0.3029972796010984,11~14,7729.25,47104.25,87278.0,87959.5,74811.75,33123.0,38555468.25,281577693.5,508584527.25,512915254.5,406336946.5,190100931.5,478062.25,425630170.75,608328810.25,479314341.25,394739003.5,100410548.75,4,0.9358281172616745,0.39757385784117577,5804.272914681793,0.0002379720379708763,0.2118721550494095,0.30281672884983285,0.2385953097445585,0.19649500693578686,0.049982827382441364
11500615,우장산동,715110904.0,79746.25,77972.5,31003.75,0.2889139907027781,17~21,1318.0,12970.5,18033.25,18103.0,16486.5,11061.25,8383814.75,111533244.25,162846217.0,157571217.75,141844611.0,102411040.25,318807.25,81401868.0,196470501.0,193006580.0,206233593.5,37679554.25,4,0.9747435558147354,0.39762416236493636,8967.329548411368,0.0004458151151335262,0.11383111003436748,0.27474130222464066,0.2698974088080749,0.28839385939498974,0.0526905044227937
11500620,공항동,463662648.75,66110.75,62289.25,28949.25,0.40024876776475315,11~14,392.25,9371.25,19578.0,15314.75,10482.5,7150.5,1893230.0,56518459.75,123106346.5,99889946.25,66537769.0,48265862.75,0.0,71006416.0,185697938.75,110821221.0,89282534.25,6854538.75,4,0.8769300586158674,0.4647551543805713,7013.422911553718,0.0,0.15314241117206231,0.4005022601036073,0.23901261250774838,0.19255925507629107,0.014783461140290955
11500630,방화1동,600022101.0,115331.75,113008.5,43557.5,0.3596578733216065,11~14,1598.25,12858.0,30699.5,29554.5,21875.25,16423.0,8035284.0,64611320.5,152491460.75,149424065.75,109292507.0,92655537.0,1332689.0,110238639.75,215364374.5,151790067.75,106307116.25,14989213.75,4,0.9301339388536559,0.3854356088258848,5202.575188532212,0.002221066520348056,0.18372429876545499,0.35892740307577436,0.25297412794799706,0.17717200095267824,0.024981102737747323
11500640,방화2동,320999515.0,54347.75,52511.25,22422.75,0.354443422249524,11~14,424.5,7196.75,15226.0,11439.75,9695.5,8528.75,2297745.25,38232791.5,81539273.75,64214983.5,57243633.5,52248350.5,360465.75,53789050.5,113789572.5,75677087.0,67254499.5,10128839.75,4,0.9415305315842479,0.42700849817896164,5906.399344959083,0.0011229479583481615,0.16756738869216048,0.35448518512559124,0.2357545213113484,0.2095158913246333,0.031554065587918415
11500641,방화3동,564249906.0,103258.5,100263.25,36250.0,0.39532587554572574,11~14,1679.0,10456.5,25793.5,24359.75,19673.0,18301.5,6924743.0,49886480.75,134241089.25,128006820.0,103940027.25,90669569.75,0.0,98159768.75,222683256.25,136140512.75,97061766.75,10204601.5,4,0.9094263424754438,0.3615482242995315,5464.440273682069,0.0,0.17396505999595152,0.3946535991979412,0.24127697905190257,0.17201911018129615,0.018085251572908547
11530510,신도림동,699345941.25,94657.25,92591.0,47001.25,0.31905700614848087,11~14,890.5,16209.5,30791.75,22054.5,14119.75,8525.0,5074557.25,116369400.0,221780881.25,147243278.0,108112734.75,75107143.5,29318.25,95958335.25,210083255.0,185948335.75,169369177.75,37957519.25,4,0.8553704719995902,0.5076222311023749,7388.192042870462,4.192238528988531e-05,0.1372115423712699,0.30039961999993947,0.2658889181763733,0.24218225596229553,0.05427574110483193
11530520,구로1동,93265882.0,19031.75,18915.5,6818.5,0.3049021845628539,11~14,150.5,2039.0,4779.5,5230.5,4069.25,2646.75,806601.25,9164357.75,21949198.5,25549688.5,21285278.5,13322601.75,0.0,18595697.0,28331834.5,24026333.0,20550777.0,1761240.5,4,0.912596313993187,0.3604715709338902,4900.541568694419,0.0,0.19938370389291982,0.3037749055973116,0.25761117018118157,0.22034613900933248,0.018884081319254557
11530530,구로2동,1039677160.75,136085.25,108838.0,39726.0,0.4871244417842535,11~14,353.75,9978.75,29747.25,27360.25,24259.0,17139.0,2215512.25,69232461.5,193472913.0,195712357.0,159618484.75,123057766.5,2250008.25,222443031.25,506186741.5,186951061.75,107640242.5,14206075.5,4,0.9273480808149128,0.3650011944357669,7639.89602657158,0.002164141268984782,0.2139539461360626,0.48686915574335415,0.1798164553457514,0.10353237193587163,0.013663929569975407
11530540,구로3동,6149045511.0,966831.0,887589.25,535044.75,0.4179100348574638,11~14,2558.75,190542.75,344502.0,185314.0,119266.0,45405.75,19607773.25,1063636308.0,1930952561.0,1165082876.25,727987180.0,328186910.0,19715174.25,1440848958.5,2570864093.25,1071777308.0,803799637.0,242040340.0,4,0.9261649232465144,0.6028067036638851,6360.000363041731,0.0032062169998142986,0.23432075041930844,0.41809157025281285,0.17429978458977127,0.1307194158121104,0.03936226192618271
11530550,구로4동,603000102.25,116418.25,114608.75,46124.75,0.30340402459212623,11~14,1418.5,14747.75,31377.0,25568.25,22793.5,18703.75,6030666.0,70602088.25,140552090.75,118160235.0,126317638.75,121480741.5,789102.75,84176636.75,182949157.5,162626893.0,148284974.0,24173338.25,4,0.8829941279157882,0.40245400111248053,5179.601155746629,0.0013086278875502463,0.1395963888495344,0.3033982196973997,0.26969629423474945,0.2459120213192302,0.04008844801153597
11530560,구로5동,2097551529.25,305007.75,291901.0,142636.25,0.342290495078464,11~14,1704.75,49323.5,93312.75,61289.5,49208.5,37062.0,10082919.5,294736739.5,568477002.5,395951154.0,321069547.75,256858366.5,1980733.25,327644303.75,717890021.75,543474930.75,454541058.5,52020481.25,4,0.9236383673059532,0.48864597928749814,6877.043384143518,0.0009443073137317539,0.1562032203648186,0.34225143541846076,0.2590996803517503,0.21670078287064803,0.024800573680590545
11530595,가리봉동,83703327.25,13317.25,13036.5,6879.5,0.34840413544029686,11~14,52.75,2661.0,4218.5,2588.75,2381.5,1134.0,305798.75,17867201.25,26595397.25,14163396.75,12345548.25,7160526.75,0.0,9107194.5,29153061.75,21205105.25,22251436.5,1986529.25,4,0.9278065893592632,0.5277106585356499,6285.331224539601,0.0,0.10880325548826973,0.34829035723905466,0.25333646757751793,0.26583694138634134,0.023732978308816273
11530720,고척1동,777568791.25,130549.25,127020.5,64210.75,0.29702040239197347,11~14,3742.0,29278.75,34932.0,26012.25,21982.5,11073.0,19390996.25,168808384.5,188109005.5,151887440.25,123383158.5,68337033.0,2699960.0,121343022.5,230991968.0,198613308.0,183680126.75,40240406.0,4,0.8941520251057433,0.5055148578379081,5956.1337292247945,0.0034723101420513704,0.15605438884054493,0.2970694948142956,0.25542860031806863,0.23622363553804732,0.05175157034699211
11530730,고척2동,218917248.5,32521.75,31932.75,12123.75,0.34850130518152156,11~14,420.5,4818.25,7305.5,6475.25,7047.75,5865.5,3129127.0,29192454.25,45763393.0,40567174.75,47303819.5,43191522.5,0.0,31536710.25,76390693.75,65181775.75,39165371.25,6642697.5,4,0.9218304910418231,0.37966507738920074,6731.41047145372,0.0,0.1440576768897221,0.3489478068695898,0.2977461858150478,0.1789049127848873,0.030343417640752962
11530740,개봉1동,428146936.5,77491.75,76494.75,33117.0,0.32858832501622504,11~14,683.25,11199.5,21917.5,17834.25,12679.0,12181.25,3136544.5,49897479.75,108628459.5,89594674.0,78387464.0,80724947.75,1645902.5,66385104.0,140401461.25,118524079.75,86506484.5,14683904.5,4,0.9070877771366103,0.43293167178139674,5525.064752054251,0.0038442468220253167,0.15505215228837682,0.3279282164150204,0.27683038145480227,0.20204858922305988,0.034296413796715323
11530750,개봉2동,566004847.5,87830.5,87658.25,37760.5,0.2856318602443596,11~14,1164.75,13270.75,24489.75,20947.5,17364.5,10421.0,5968245.0,75584916.5,148522834.25,132213855.5,110800910.0,84163866.75,0.0,84508176.25,155533720.0,148617644.0,155168739.25,22176568.0,4,0.9149606230245851,0.43076949402936976,6444.285840340201,0.0,0.14930645315718785,0.274792204849447,0.26257309395216794,0.2741473680576561,0.03918087998354113
11530760,개봉3동,175912476.75,30656.25,30368.5,12586.5,0.33070628554879133,11~14,94.25,3298.75,9287.75,7302.5,6598.25,3787.0,618714.25,16886564.75,48112365.25,39910976.5,36807942.75,24621124.5,0.0,35797045.25,58144644.75,49053906.5,29971037.25,2945843.0,4,0.943982715532092,0.41445906119828113,5738.225541284403,0.0,0.20349349808128375,0.3305316702045695,0.27885404950391046,0.1703747102179323,0.01674607199230398
11530770,오류1동,430790771.25,74178.0,73595.75,41678.5,0.29156303531821987,14~17,773.25,16711.0,24967.5,12665.5,10156.5,8322.0,5193824.5,93494332.5,128777437.0,71892944.75,63371347.25,55814672.25,0.0,61200131.5,118167805.75,124713987.0,110174070.5,16534776.5,4,0.892729952049382,0.566316669101137,5807.527450861441,0.0,0.14206462994186067,0.2743044039850703,0.2895001363147238,0.2557484464681415,0.038382383290203784
11530780,오류2동,282157557.75,59604.0,59079.75,24151.5,0.30994130799273956,11~14,830.75,7850.75,16300.75,14706.75,12954.75,6436.0,3956007.25,34653701.75,71782375.75,68405313.25,62383064.25,31981574.5,131882.0,50120269.75,87533791.5,76693696.75,61046354.25,6631563.5,4,0.8960459045045421,0.4087948916506925,4733.8695012079725,0.000467405519992668,0.17763220715997283,0.31023018556730475,0.27181159831966256,0.2163555523261542,0.02350305110691298
11530790,수궁동,256527222.5,37532.0,36413.25,15043.0,0.3842326999392863,11~14,1054.25,5961.0,9082.0,9216.0,7364.5,3735.5,6044358.5,30962050.25,57154697.25,62767777.75,54444733.0,26940334.5,0.0,40559072.75,98289618.75,70848429.5,43687218.0,3142883.5,4,0.9166355013909512,0.41311885096771095,6834.893490887775,0.0,0.15810825983585428,0.38315473029378005,0.2761828893227891,0.17030246370831073,0.01225165683926586
11530800,항동,70163373.0,9822.75,9703.25,2289.25,0.46574027350716785,14~17,49.5,385.25,1904.0,2082.0,2235.5,3047.0,312979.0,2593646.5,13224820.5,14878786.25,15193594.0,21408765.5,0.0,5249377.0,23078818.5,31879161.5,9924466.5,31549.5,4,0.7290487034889548,0.23592610723211296,7142.946018172101,0.0,0.07481648580378256,0.3289297180738446,0.45435617098967007,0.14144796744592084,0.0004496576867819624
11545510,가산동,12305360261.25,2090536.0,1906760.0,1099096.25,0.44283100071059545,11~14,2842.5,368881.5,730214.75,428119.0,273892.5,102809.75,16667935.0,1862364517.25,3810983924.75,2365485880.5,1453271805.5,533226048.25,5336538.75,3500298953.5,5449141717.25,2208610389.0,1037598679.75,104373983.0,4,0.9247673185097206,0.5764208657618158,5886.222605709732,0.00043367594582378405,0.2844531878130022,0.4428266707809875,0.1794836024390923,0.08432086974466191,0.008481993276432323
11545610,독산1동,1006715399.0,177597.75,171601.75,86305.5,0.34667802063222103,11~14,895.0,28126.0,58179.5,37907.0,29447.75,17046.5,4734781.75,139604252.5,297958069.0,209378382.25,170946918.75,105440970.0,83240.5,175434830.25,348827485.0,263672925.5,201420436.75,17276481.0,4,0.8883118195259943,0.5029406751388025,5668.514375885956,8.268523565119322e-05,0.17426457410333107,0.3465005952491644,0.261914068029469,0.20007684093247888,0.01716123644990554
11545620,독산2동,121279270.0,25902.25,25875.25,11003.0,0.3230338299973259,11~14,132.25,3851.5,7151.5,5803.5,5488.5,3448.0,563819.5,15670650.25,32142189.25,22267844.0,29216640.25,21196275.0,0.0,17843062.0,39126526.75,32757201.5,26687637.5,4864842.25,4,0.9601179677539319,0.4252326064482469,4682.190543292571,0.0,0.14712375824821505,0.32261512416755145,0.2700972845565446,0.22005110601341846,0.040112727014270454
11545630,독산3동,475547688.5,88186.5,87858.0,37186.0,0.3054376148297613,11~14,922.5,12331.25,24854.75,17304.25,18433.75,14011.5,4741290.75,60593515.25,119284785.0,85496872.5,107820984.0,94717545.0,1461310.0,66520166.5,145124378.25,125649416.25,112013897.25,24778520.25,4,0.877936504715311,0.4232511552732819,5392.522534628316,0.003072898965421004,0.13988116882624696,0.3051731335457853,0.2642204331732337,0.2355471385074349,0.05210522698187818
11545640,독산4동,234700071.25,38190.5,38063.0,19680.0,0.280869410776442,17~21,865.25,8816.5,10863.5,5643.25,7340.5,4534.0,4625632.0,56092311.75,68545899.75,34089965.5,42812504.0,26255694.5,10745052.5,29343959.0,51211205.0,53812105.0,65904406.25,23683343.5,4,0.872498218975784,0.5170375430207813,6145.509256228644,0.045782058960495524,0.1250274822828798,0.2181985064054385,0.22928030960280332,0.28080266826932204,0.10090897447906079
11545670,시흥1동,1406562654.75,222515.5,216358.5,88797.5,0.3003817143021278,11~14,2549.75,29661.0,59136.5,47286.75,43970.25,33754.25,14860138.25,168540248.0,329337913.0,260683424.5,243989289.5,250729719.75,1338386.5,242772834.25,422522176.75,366499599.75,321240790.25,52188867.25,4,0.9488636839659282,0.4104183565702295,6321.1895564578645,0.0009515299552993482,0.17260008534290996,0.30039342742616637,0.26056400581397565,0.22838711746338577,0.03710383399826292
11545680,시흥2동,67801943.25,11026.75,11010.25,4114.0,0.3661310411483709,11~14,116.5,1640.75,2473.25,2527.25,3257.5,995.0,677533.75,10322326.5,15958838.5,15020650.0,17371637.75,8067400.0,0.0,12709922.75,24580854.25,19064559.0,11442342.75,4264.5,4,0.8914228465899525,0.3736518244363207,6148.860112907249,0.0,0.1874566146745359,0.3625390817983672,0.28118012679525967,0.168761280304455,6.289642738226386e-05
11545690,시흥3동,54081571.25,6486.25,6266.25,2201.5,0.3808534644396286,11~14,43.75,880.75,1320.75,1297.25,1300.25,1423.5,260785.0,6239189.75,10173918.5,10241116.5,11633083.75,12905621.25,133249.75,6192122.5,20558746.0,13825800.5,11587497.5,1784155.0,4,0.9435273855160452,0.35132655096748455,8337.879552900366,0.002463866099304576,0.11449597999614333,0.3801432821721133,0.255647167425817,0.21425963100138293,0.03299007330523889
11545700,시흥4동,112918447.25,25051.75,25010.25,8826.0,0.3263023165932451,11~14,151.75,3259.0,5567.0,5536.75,6462.75,4033.0,726290.5,12790567.25,25833970.0,26385724.5,30098366.25,16591078.0,0.0,20430040.0,36881233.25,31246756.75,21397958.5,2962458.75,4,0.9079922379171624,0.3528953129217021,4507.407556358338,0.0,0.18092739049774703,0.3266183174512258,0.2767196814247727,0.18949922728414068,0.026235383342113748
11545710,시흥5동,144119222.75,26979.5,26810.0,10540.75,0.30376157181661523,11~14,301.75,4027.75,6513.0,5788.25,5844.25,4335.0,1319368.5,18916259.0,30772496.5,30078638.0,32918381.5,28000899.0,0.0,20350834.25,43352520.0,39580578.25,34655897.25,6179393.0,4,0.9084276386668833,0.39316486385676985,5341.804805500473,0.0,0.14120832642361722,0.30081011521414136,0.2746377443254703,0.24046686200991185,0.0428769520268593
11560515,영등포본동,918933759.25,146204.25,145000.0,69051.25,0.28258670718682993,11~14,1260.5,25339.75,43711.5,28296.0,26374.0,20018.25,6533654.5,171195288.75,255940963.75,169009604.25,152287775.25,143839247.0,604814.75,151354769.25,245924853.75,246903156.75,252518295.5,21627869.25,4,0.8456657899744676,0.47621551724137934,6285.2739181658535,0.0006581701280553971,0.16470694185131496,0.2676197835529678,0.2686843902127541,0.27479488369879473,0.02353583055611307
11560535,영등포동,4811948541.25,606679.5,586904.5,342365.25,0.2769799801466859,17~21,4931.75,143409.5,198955.75,110149.75,84130.5,45327.25,43057610.25,1144779706.75,1533481727.25,818525927.25,625014721.0,380515319.25,68718294.0,565612814.25,1279828378.25,1213243467.0,1312847613.5,371697974.25,4,0.9428939230257745,0.5833406457098216,7931.615525578168,0.014280762441850437,0.117543404589915,0.26596884137034826,0.2521314300432722,0.27283076746264656,0.07724479409196758
11560540,여의동,23501981164.75,2522268.5,2065765.5,1055284.5,0.4743694953250705,11~14,6169.75,302867.5,752417.0,514286.5,360880.0,129144.75,40501635.25,2050041461.75,5371208043.5,3939062839.5,2699187013.75,1032901757.25,145026817.0,5376473776.75,11130934489.5,3712026790.0,2298720174.75,838799116.75,4,0.9217718832406336,0.5108442850846333,9317.795137492301,0.00617083368348205,0.22876683199857342,0.47361685857339525,0.1579452712509008,0.09780963394685166,0.03569057054679682
11560550,당산1동,2004194262.25,261122.5,241988.0,116899.25,0.39831983209088506,11~14,1526.5,37725.25,79174.0,50976.0,42950.25,29636.0,8162973.5,254282180.0,540974331.25,385913544.5,315675838.0,227522806.75,15737374.75,405060152.0,797513363.75,385486548.25,344596816.0,55800007.5,4,0.929256264845959,0.4830787063821346,7675.302826259705,0.007852220239535315,0.20210623272878797,0.39792218687158354,0.192339912108737,0.1719378318213225,0.02784161623003369
11560560,당산2동,4287415496.75,460833.5,436000.0,236791.25,0.30970302674420813,11~14,1864.5,89122.0,147669.25,85402.5,63135.75,48806.0,15022138.75,758342878.5,1268939802.0,733764768.25,616360133.0,484917721.5,1445135.25,490828199.5,1296438739.5,965345700.25,1298293971.5,235063750.75,4,0.9664441646478984,0.5430991972477064,9303.610733052175,0.0003370644275310987,0.1144811366829419,0.3023823421086066,0.2251579537793254,0.3028150578091041,0.05482644519249089
11560585,도림동,84778558.25,11617.0,11460.5,5961.25,0.30298873410880095,11~14,100.0,2145.75,3815.5,2151.0,1943.0,1305.25,561835.75,13759535.0,27286711.0,17457517.0,13077465.0,10722769.75,22945.0,12306262.75,24641588.0,24091437.25,19047502.75,4668822.5,4,0.9318095637618573,0.5201561886479648,7297.80134716364,0.0002706462633197705,0.14515772624618797,0.2906582573312398,0.28416898974570615,0.22467358661410122,0.055070793799445156
11560605,문래동,4311944245.5,522383.75,482786.0,240370.0,0.39770734141548364,11~14,1487.5,84410.5,155959.5,110979.75,87374.0,42574.75,12048467.0,738780234.5,1182236512.5,814376447.25,660631073.75,349768603.25,3776191.25,641651877.25,1713939457.25,972299998.25,839807791.0,140468930.5,4,0.9312044128025945,0.4978810487462354,8254.361368438433,0.0008757514093418257,0.14880801808131822,0.39748646078591787,0.22548992818372007,0.19476313773686524,0.032576703802836775
11560610,양평1동,908718927.75,166107.25,147891.25,76673.5,0.46389725655163394,11~14,206.5,21972.0,54701.5,38662.0,23162.75,9186.5,1133989.75,99704681.0,261817948.25,182337756.75,114517941.25,56725043.75,20172.0,248204309.75,420991315.25,155924293.25,74820617.5,8758220.0,4,0.9061260293441364,0.5184451412777971,5470.675890125205,2.219828308181732e-05,0.27313650257572725,0.4632800114468618,0.1715869324259269,0.08233636960248736,0.009637985665914837
11560620,양평2동,2451813048.0,369415.75,331142.5,176336.5,0.4329214192443067,11~14,2146.5,56472.5,119864.0,74962.75,52295.0,25401.75,12267287.25,329009906.25,705090600.75,450634618.75,313847147.25,182849722.25,6144029.25,530447280.75,1060486920.75,520317586.0,288234642.0,46182589.25,4,0.901363900781178,0.5325094181507961,6637.001936165418,0.002505912616384771,0.2163489916911479,0.4325317224390593,0.21221747980517314,0.11755979610073435,0.018836097347500535
11560630,신길1동,444825645.25,89102.0,88012.0,41001.25,0.3095160479904696,11~14,541.75,14413.0,26588.25,18363.25,16941.0,11164.75,2279198.0,64297833.25,120490329.25,89782895.0,89340881.5,65058244.5,465105.75,82821846.5,137324947.0,101751540.5,100275466.0,22186739.5,4,0.9355964507575268,0.4658597691223924,4992.31942324527,0.0010455911320908717,0.18618945958804295,0.3087163441820467,0.2287447713200389,0.2254264498253993,0.04987738395238128
11560650,신길3동,21625065.5,3975.75,3914.0,2485.5,0.29971192024353743,11~14,4.75,775.0,1710.5,775.0,413.25,235.5,23596.5,4872400.25,7992846.75,3804716.5,2411331.75,1247538.25,42301.25,2373311.0,5911197.25,5594350.0,4776636.25,2927269.75,4,0.9443310875919854,0.6350281042411855,5439.241778280828,0.0019561212427310335,0.10974815313276161,0.2733493339014395,0.2586974823267009,0.22088424425812722,0.1353646651382397
11560660,신길4동,153396843.5,33235.5,33127.0,13968.5,0.28992895092555,11~14,254.75,4647.5,9321.0,9189.5,6816.25,2898.0,1487432.0,22232236.25,45506375.5,40026619.75,30010394.25,12526945.75,22819.5,30232149.25,44412353.5,40625918.25,33928545.0,4175058.0,4,0.9400526684927764,0.4216651070124068,4615.451655609213,0.0001487612096789984,0.19708455897920743,0.28952586302729233,0.264841944091242,0.22118150690630084,0.027217365786278386
11560670,신길5동,98910261.75,12308.5,11985.25,5749.0,0.33615004868814313,11~14,116.0,1774.25,3974.75,2760.5,2125.25,1234.5,600460.75,13336962.5,30606405.5,20625627.5,18058342.75,11083943.0,0.0,9493764.0,32783414.5,31507868.0,23807865.25,1317350.0,4,0.8146587548636561,0.4796729313114036,8035.931409188772,0.0,0.09598361011313368,0.3314460392680136,0.3185500416492427,0.24070167067372056,0.013318638295889456
11560680,신길6동,811013365.0,108060.25,102575.75,45336.0,0.36132816917364485,11~14,1611.5,15802.0,29534.0,21354.25,21126.75,13147.25,7938440.0,100623873.5,190824613.5,164185162.75,152320311.5,106353759.0,24064543.25,95184847.0,292082889.0,187517098.5,169403226.75,42760760.5,4,0.9203427482880061,0.4419758081222901,7505.196082740878,0.0296721907289407,0.11736532479954877,0.3601455926685006,0.23121332716878223,0.2088784649683301,0.05272509966589761
11560690,신길7동,274520243.75,54663.25,53916.0,20962.25,0.41038513564877277,11~14,429.25,6360.5,14601.75,12889.0,12886.25,6749.25,1582271.0,29832677.75,68444234.25,61860345.25,68329079.25,36303976.25,0.0,59982353.0,112773411.0,65625055.5,33873165.5,2266258.75,4,0.8875278873609216,0.38879460642480895,5022.025652517917,0.0,0.2184988333852155,0.41080180266305044,0.2390536107776569,0.12339041025640209,0.008255342917675082
11560700,대림1동,321408401.75,36854.0,34938.5,15742.5,0.3278980791460425,11~14,141.0,5268.5,10474.0,7838.5,7455.0,3761.5,780176.5,34420790.25,74882446.0,74406709.5,59686296.0,30611624.25,1275033.75,95924730.5,103305022.25,61973220.25,49564564.25,9365830.75,4,0.9209438839409734,0.45057744322166093,8721.1266551799,0.003967020597649949,0.29845122273627683,0.3214135712928668,0.19281767344154374,0.15421054328428116,0.029139968647381508
11560710,대림2동,249219008.0,36135.5,35660.25,16258.0,0.3091990997191874,11~14,420.5,5310.0,10948.0,7431.25,6721.25,4829.25,2478096.25,30595950.5,66020991.25,48226567.0,54319532.5,38399294.75,10586.5,32949686.5,77095222.0,72461390.0,55015343.25,11686779.75,4,0.9572544663267764,0.4559137975757321,6896.791465456407,4.247870210606087e-05,0.13221177134289852,0.3093472790004846,0.29075386577254975,0.22075099203508586,0.046893613146875214
11560720,대림3동,562799336.5,49484.5,47326.25,19168.75,0.29430149479587514,11~14,247.5,6089.75,13079.0,9739.0,10085.0,8086.0,2090755.0,45725881.5,101519187.25,81110238.25,94259240.25,83437059.25,350694.75,153300360.75,156388482.0,138444488.0,95458699.0,18856612.0,4,0.9680346574188387,0.4050342040622276,11373.244884761894,0.000623125734619625,0.2723890218196801,0.27787609518619255,0.2459926283157585,0.16961409299742486,0.03350503594632436
11590510,노량진1동,1619062378.25,319229.75,318081.5,207882.5,0.2849630305041747,17~21,3954.25,110934.5,96948.0,31769.25,49484.75,24990.75,23416501.75,558063747.25,480314219.5,175907685.5,232110705.0,123142821.0,1929460.5,251502097.25,405126241.5,394535647.5,461006085.75,104962845.75,4,0.946134441018235,0.653551055311296,5071.777859832926,0.001191714739295901,0.1553381145955857,0.25022275048963205,0.24368156088367807,0.2847364573119714,0.0648294019798369
11590520,노량진2동,669661418.25,143399.25,139300.75,74984.0,0.36306798217518876,11~14,3232.75,30118.5,44865.5,22210.5,26904.25,11969.25,11257269.5,117947721.25,190641395.75,107607924.5,116162827.25,62913405.5,0.0,161310638.0,242389448.5,139548955.75,103142044.0,23270332.0,4,0.9108571741389268,0.5382885591068246,4669.908791363971,0.0,0.24088387594666388,0.3619582103646151,0.2083873311899584,0.15402118322649835,0.03474939927226426
11590530,상도1동,2463516133.5,416965.0,413572.5,251013.75,0.296903254751409,11~14,13208.0,178168.25,72845.5,46715.5,76732.25,25903.0,69157484.75,949832801.75,465745370.5,307787253.0,416260940.75,171092440.5,14296030.25,276798185.25,729114050.5,648179482.0,624405429.75,170722955.75,4,0.8924093481407672,0.6069401374607838,5908.208443154701,0.005803099908945654,0.11235899026029253,0.29596479624597516,0.26311152307296226,0.2534610678042876,0.0693005227075368
11590540,상도2동,642952280.25,113548.0,111227.5,47223.0,0.36579213990000026,11~14,951.75,14781.75,32441.25,25267.0,21688.5,16097.25,3924080.0,70215915.25,161744810.75,130255899.0,129442251.75,124427238.75,6585451.0,116781982.25,237535855.5,156923748.5,99146481.75,25978761.25,4,0.8062292844502352,0.4245622710211054,5662.383135326029,0.010242519083125998,0.18163398099247974,0.3694455448663136,0.24406748886399957,0.15420503946490202,0.0404054267291791
11590550,상도3동,371868031.25,74367.25,74132.25,35981.0,0.30252751620488105,11~14,664.25,12799.0,23182.0,10522.25,14566.0,12398.75,3163980.75,62984576.75,105435949.75,53897750.5,73978501.25,67783175.25,5153786.5,42395043.75,112567975.5,104499141.5,91778906.0,15473178.0,4,0.9582266237959074,0.48536230857690144,5000.427355455527,0.013859181394743784,0.1140056153993474,0.30270947228674955,0.281011360801131,0.2468050444978927,0.04160932562013557
11590560,상도4동,281000142.0,45380.5,44932.75,18775.5,0.34193880690833967,11~14,234.25,6539.25,12236.25,10757.0,8716.75,6449.25,1016302.25,33771055.75,68872217.75,66480154.0,57064909.0,44827230.0,79032.75,41388991.75,95912326.5,80777146.0,56236713.25,6605931.75,4,0.9104510519530294,0.4178577985990174,6192.090038672998,0.0002812551959493316,0.14729171115507836,0.3413248328536432,0.2874630077589071,0.20013055100164326,0.02350864203477876
11590605,흑석동,2021789577.75,329851.0,322874.25,176260.25,0.3555336519573159,11~14,7712.0,113069.75,63190.5,45441.75,65211.0,28249.25,39178386.5,567645129.5,362018138.5,286240463.25,394677431.5,202945879.25,8380331.5,384142870.75,717653332.75,472854558.0,365786496.25,72971988.5,4,0.897931704884051,0.5459099014554428,6129.402602235555,0.0041450067762869094,0.1900014101257279,0.35495945802068024,0.2338792143375416,0.18092213961112352,0.036092771128639775
11590620,사당1동,1786973818.75,216739.75,204128.25,113261.0,0.3378107412119418,17~21,1356.25,46893.25,66367.75,33000.0,28928.75,27582.25,8763196.0,368177953.25,496705737.75,232086770.0,242011098.25,318669200.75,447973.5,149976808.0,450933958.75,477930791.25,608217657.25,99466630.0,4,0.867136482244778,0.5548521578958326,8244.790439916997,0.000250688339862394,0.0839278149608872,0.25234502823630134,0.26745259848536324,0.34036181776599966,0.055662052211586155
11590630,사당2동,1841676272.0,243735.0,240804.75,111054.5,0.3257144715319908,17~21,3550.75,48634.5,62420.0,54936.0,42489.5,28774.0,22196257.5,393975152.5,475992206.0,344981537.25,280629818.75,266816495.5,3978785.25,174526707.25,447814562.0,475523006.5,600518325.25,139314885.75,4,0.9326608341844531,0.4611806868427637,7556.05995035592,0.002160415112303733,0.09476513864212939,0.24315596003943085,0.25820119080081194,0.32607159813046666,0.07564569727485744
11590640,사당3동,382375465.5,54630.75,53167.25,18416.25,0.3009708868778589,11~14,522.25,6996.75,11419.5,9193.75,11640.75,13394.25,2335894.75,48903734.25,66098883.5,56038292.25,73655924.75,116163005.25,1402956.0,36583527.0,114781020.25,107523885.0,90335724.75,31748352.5,4,0.9441774548566882,0.34638334689117833,6999.2717562911,0.003669053395372722,0.09567435753798383,0.3001788310343358,0.2811997492030513,0.23624874737158053,0.08302926145767582
11590650,사당4동,50827158.25,6891.75,6862.75,4120.25,0.3551448388264554,17~21,8.75,1104.75,3015.5,1157.75,774.0,802.0,351447.25,6701176.0,25391371.0,7691244.0,5824472.25,4526554.0,18672.25,2254228.25,13148174.0,15822442.5,16861643.25,2721998.0,4,0.8411628047591383,0.6003788568722451,7375.072840715348,0.0003673675775489573,0.044350861382261124,0.2586840274510134,0.3112989796158828,0.33174475675118037,0.053554007222113384
11590651,사당5동,275946474.75,60473.75,59843.75,27098.75,0.30452515284497866,11~14,753.25,9824.25,17274.5,12961.0,10700.5,8330.25,3101249.5,44160536.5,69701210.5,57314130.75,50411981.5,43191406.0,0.0,45224334.5,83865054.25,74969385.75,65313204.0,6574496.25,4,0.9129711062287094,0.45282506527415145,4563.078604353129,0.0,0.16388806757169852,0.30391783162288794,0.2716808968765418,0.23668794486021968,0.023825259068652044
11590660,대방동,1021500319.5,146400.5,142395.25,75725.75,0.2789380686711008,11~14,3248.75,34824.5,40901.25,28022.25,24917.5,10481.0,17718061.5,217191332.25,262319527.25,181411885.5,176911286.25,85165412.25,13606722.5,152672362.5,285002194.5,247982452.25,256814131.5,65422456.25,4,0.9375484987611201,0.5317996913520641,6977.4373687248335,0.013320331124967406,0.14945894737921323,0.279003529474667,0.24276297081471446,0.2514087627752328,0.06404545843120513
11590670,신대방1동,348921062.25,66263.75,65823.75,38696.75,0.32087538352106465,11~14,414.5,17212.5,21484.25,9849.25,10720.5,6142.75,2037751.5,89219263.0,113252998.75,54950858.5,49710676.25,30911619.0,0.0,64951380.75,111736193.0,92271222.0,74940808.5,5021458.0,4,0.9026985336717847,0.5878843122733056,5265.640146384712,0.0,0.1861492118909769,0.3202334427147354,0.26444726897537696,0.21477868953151738,0.014391386887393325
11590680,신대방2동,2838004438.0,458007.5,433242.0,217394.75,0.3938305218216671,11~14,2100.25,67607.0,149787.75,101517.5,74866.75,37362.75,11296651.0,353050679.25,793393159.75,587833007.0,436286457.5,229456235.25,1859363.5,633894623.0,1113850867.5,598376560.25,423123493.5,66899530.25,4,0.8782124148354786,0.5017859533470901,6196.414770500483,0.0006551658183136358,0.22335927827044505,0.3924767884735774,0.21084412421556614,0.14909190691688412,0.02357273630521363
11620525,보라매동,958096541.0,101919.25,100680.75,53296.5,0.3577630363331708,11~14,310.5,15175.75,38120.75,24857.75,12277.25,9938.75,2200472.5,95154112.5,338397842.75,298169995.0,91459486.75,92987129.5,7144811.0,101252168.75,342803143.5,295625883.25,177352592.5,33917942.0,4,0.8469370122912295,0.529361372456999,9400.545441611865,0.007457297562668061,0.10568054931533251,0.3577960349822409,0.3085554227567136,0.18510931300815542,0.0354013823748895
11620545,청림동,48322450.5,7218.0,7114.0,2614.75,0.3485690107538835,11~14,60.0,737.5,1877.25,2329.75,1375.75,733.75,434222.25,4501805.5,11784110.0,14732519.5,10010847.25,5740672.5,0.0,10970595.75,16702121.0,15344254.25,5262203.25,43276.25,4,0.9352353442918595,0.36754990160247397,6694.714671654197,0.0,0.22702896141411538,0.34563894891878466,0.31753882700961117,0.10889769031891294,0.0008955723385758344
11620565,성현동,66412135.5,9588.5,9479.5,3241.25,0.3753072759391098,11~14,68.0,888.75,2352.5,3125.25,1391.5,1653.5,323421.75,6349090.0,16449937.75,20888252.5,12401052.5,8659360.0,430272.0,10415197.0,24412460.0,22489566.5,7677030.25,987609.75,4,0.9386600815283636,0.34192204230180917,6926.227824998697,0.006478815908577432,0.1568267142983228,0.36759034800198526,0.33863640027055,0.11559679857004447,0.01487092295052009
11620575,행운동,1825536528.0,162868.0,157422.5,84213.5,0.37030837476421624,21~24,1279.0,35349.25,48864.25,28768.0,25031.25,18130.75,7690270.25,204161358.75,312012104.25,189376863.75,905832999.5,158514718.25,6025977.0,120512483.75,302948190.0,307003681.25,399762026.75,689284169.25,4,0.8746120641911957,0.5349521192967969,11208.687575214284,0.0033009347704490303,0.06601483010697663,0.1659502208547426,0.16817175473686277,0.21898330743782302,0.37757895209314596
11620585,낙성대동,853955022.0,97986.0,94318.25,64871.25,0.3760271274796972,17~21,2147.75,36729.25,28142.0,10861.5,11552.0,4885.75,18374385.0,321796547.0,232954488.5,88486636.25,95683096.25,43762229.25,13479882.25,31536278.0,184308517.0,205626765.5,321167574.75,97836004.5,4,0.90889929361289,0.6877910690666971,8715.071765354234,0.01578523681309295,0.03692967098681692,0.2158293027756209,0.2407934378304997,0.3760942514253403,0.11456810016862926
11620595,청룡동,1154416642.25,179608.5,176472.5,111817.5,0.28603311373397944,17~21,1832.5,53773.25,58044.25,23498.0,23399.25,15925.25,12360754.5,334051847.25,329936782.75,144230495.0,159438801.25,132892305.0,5077942.0,126732005.0,304825259.5,294473472.0,330080720.0,93227243.75,4,0.9055426374095927,0.6336256357222797,6427.405397016289,0.00439870824289479,0.10978012648275298,0.2640513384369481,0.2550842228210263,0.28592858758226203,0.08075701643411577
11620605,은천동,652781604.25,97042.75,96459.25,46813.5,0.2849267132103183,14~17,1332.25,19941.25,26872.25,18570.0,17499.5,12244.0,8386163.0,128678798.25,168643822.0,119851991.25,119468720.75,102850365.75,8173485.75,65640306.25,177292608.0,182843755.5,182848147.0,35983301.75,4,0.9276311100085793,0.485318930014488,6726.742639197673,0.012521011157155322,0.10055477333099189,0.2715955946762573,0.28009943036013485,0.2801061577249555,0.055123032750505084
11620615,중앙동,509144641.75,94344.25,91414.75,55339.75,0.2960600196486873,11~14,664.25,23359.75,31980.0,14529.5,13553.25,7328.0,3392324.75,123872841.0,150125575.75,79655420.25,76785715.5,48064155.0,6767200.25,68917770.75,150898996.75,129796649.75,126918574.75,25845449.5,4,0.9209871538814435,0.6053700305475866,5396.6684959602735,0.013291311928060765,0.1353599058081416,0.296377462073134,0.2549307978649664,0.24927803288622158,0.05076248943947567
11620625,인헌동,1012656983.0,171140.0,165294.0,97885.5,0.31033610380462584,11~14,1170.25,38371.0,59514.5,27837.25,22401.5,15999.5,7305664.5,208588294.5,316043011.5,154452927.0,127075716.25,110500037.25,2733471.25,132080796.5,314218458.25,260046908.5,233585122.25,69992226.25,4,0.9535490670108018,0.5921902791389887,5917.126229987145,0.002699306177598343,0.1304299468796533,0.3102911089588566,0.25679663782064693,0.23066559177620366,0.06911740838704117
11620630,남현동,866338019.5,163019.5,161797.75,87608.75,0.2959275015962822,11~14,1688.25,36529.5,51079.25,31037.75,21963.75,19499.25,9008152.5,202477870.25,254593952.0,145381706.5,119536688.0,119325154.0,0.0,104862415.25,256707854.5,227555224.0,234254775.75,42957750.0,4,0.884779214114222,0.5414707559283117,5314.32141246906,0.0,0.12104099426517204,0.2963137351955959,0.2626633241045241,0.2703965086112673,0.049585437823440694
11620645,서원동,2618672788.0,402481.75,401687.75,275422.25,0.34210121782418,17~21,7767.75,137131.75,138290.5,50738.75,43616.0,24143.0,52901190.75,885597952.5,861415749.25,347085738.0,287063818.25,170171080.75,40134466.75,186045151.75,486725484.0,651400330.75,896773551.5,357593803.25,4,0.9078759612702376,0.6856625575462533,6506.31435586831,0.015326262576185598,0.07104558943085484,0.18586724016471506,0.2487520906525722,0.34245345795375487,0.13655535922191742
11620655,신원동,133068434.0,25055.0,24866.75,11748.75,0.3614923811305898,11~14,133.75,3736.25,8012.5,5588.5,4465.75,2930.0,737022.25,19542723.25,39347758.5,27138568.5,26425494.75,17372568.0,6967.5,20914917.25,48074961.5,34021677.5,27913492.25,2136418.0,4,0.9026772534635197,0.47246825580343227,5311.05304330473,5.23602765175699e-05,0.15717414432035776,0.3612799824487301,0.2556705334038875,0.2097679472954495,0.016055032255057576
11620665,서림동,280460541.5,51666.75,50508.25,30709.25,0.2916521924537164,11~14,266.25,12566.75,18142.5,5672.25,7734.25,6126.25,1030135.75,59956068.5,91843083.0,36333584.25,40606653.75,37772041.5,13260277.5,39416359.0,81733215.0,67878308.75,64575025.5,13597355.75,4,0.881331105723286,0.6080046329065054,5428.2597899035645,0.047280367602085656,0.1405415492289492,0.2914250060377923,0.24202445159295252,0.23024638387500226,0.048482241663218066
11620685,신사동,151540441.0,23469.5,23296.5,14446.25,0.3015718878235593,17~21,459.0,7289.5,7156.75,2907.75,3132.5,2351.0,1624042.5,43818422.5,45592922.25,18091104.5,20539535.5,18440799.25,7849617.75,13983546.0,28730108.5,39445585.75,42999002.75,18532580.25,4,0.7392252778640018,0.6201038782649754,6456.909648692985,0.05179883137597574,0.0922760017571811,0.18958707200805888,0.2602974195515242,0.28374605792522406,0.122294617382036
11620695,신림동,1657712805.75,283437.0,279551.5,190471.0,0.28940040743930967,14~17,2517.0,78777.25,111693.75,39445.5,29321.5,17796.5,13982180.5,417687055.0,539542999.75,202489507.25,160650210.0,203950212.0,83270331.5,185431721.25,348541877.25,478498348.75,400736016.25,161234510.75,4,0.8886973645199459,0.6813449400199963,5848.611175499317,0.050232061434987804,0.11185997997168455,0.21025468105273457,0.2886497269552748,0.24174031524640047,0.09726323533891781
11620715,난향동,23104848.75,3282.25,3250.25,1486.5,0.44109545718408516,14~17,0.0,354.5,1132.0,473.0,925.75,365.0,0.0,1812776.0,4436361.0,3483567.0,6319480.75,5518777.0,0.0,278888.75,3751051.75,9227995.25,9332041.5,514871.5,4,0.8326565099844258,0.4573494346588724,7039.332393937086,0.0,0.012070572416103785,0.1623491151397388,0.3993964794943745,0.4038997009231666,0.022284132026616273
11620725,조원동,731674453.0,85748.75,84440.5,44950.75,0.294883212573577,11~14,442.75,17538.25,27412.5,15487.0,12922.75,10637.25,2623852.75,107166603.25,200921953.0,105731484.0,169719846.5,119366008.5,7447799.25,79980489.5,210210746.75,183127266.75,189492199.75,61415951.0,4,0.923991179529097,0.5323363788703288,8532.771066633624,0.010179116162198435,0.10931157862908192,0.2873009244590914,0.2502851725916417,0.2589843050731744,0.08393890308481222
11620735,대학동,1602452146.0,285151.75,280949.5,163105.0,0.2782566621741881,11~14,3012.0,77524.25,85580.75,39127.5,51783.0,23922.0,18471480.0,434571209.25,460143112.75,246777146.75,261521693.0,120023093.0,6722540.5,229631956.0,445503584.25,377612978.75,434476553.5,108504533.0,4,0.9405600767174274,0.5805491734279649,5619.646893277,0.0041951583495211595,0.14330035163496233,0.2780136588553079,0.23564696124785245,0.27113231093017615,0.06771155898218005
11620745,삼성동,3151576.75,481.0,462.25,181.75,0.5831495266608138,14~17,0.0,59.25,122.5,137.75,75.5,67.25,0.0,301369.5,746530.25,957290.75,561374.75,447130.0,0.0,338794.25,929715.25,1579728.25,303339.0,0.0,4,0.6897068108066952,0.3931855056787453,6552.134615384615,0.0,0.10749992047631396,0.2950000345065371,0.5012501282096334,0.09624991680751548,0.0
11620765,미성동,227126501.5,43492.25,43190.5,17905.5,0.305254310423653,11~14,874.5,6468.25,11437.25,7907.25,8993.5,7509.75,4198853.5,30444920.0,52347457.0,41490290.25,46758620.0,47341533.5,268631.0,32023276.5,69287047.5,64594749.5,53273926.25,7678870.75,4,0.9648746436077628,0.4145703337539505,5222.229282228443,0.0011827373654148413,0.14099313064970537,0.30505928212873035,0.2843998788049839,0.23455618740290418,0.03380878364826132
11620775,난곡동,370696849.75,91332.75,91332.75,38855.25,0.28057239001559764,11~14,2031.0,12703.0,26152.25,20363.0,18202.25,11881.25,8626613.5,51218723.25,98031901.75,85246846.5,75775785.25,51796979.5,0.0,67515292.5,104112183.25,97422198.25,87991065.25,13656110.5,4,0.9651390785849092,0.425425162386986,4058.750554976172,0.0,0.1821307425340482,0.28085532240215644,0.26280827127530776,0.2373666388299271,0.03683902495856049
11650510,서초1동,3031688168.25,436197.0,380382.5,183907.25,0.4002752234606837,11~14,4997.0,71193.5,112713.75,79417.25,66101.0,45960.0,24279310.5,392245440.5,704421976.0,497937985.0,422093801.5,334487944.25,45585083.25,595033263.75,1213711047.5,610216561.0,451616203.25,115526009.5,4,0.910233167737509,0.48347978679355647,6950.272854352505,0.015036204490751883,0.19627126232229705,0.4003416512987211,0.20127946118951906,0.1489652557211018,0.03810616497760909
11650520,서초2동,6510271065.0,963226.25,865511.25,442716.25,0.4535201762371438,11~14,11599.0,135591.5,307124.75,212472.75,138140.0,60583.25,49584738.25,765042307.5,1826936226.25,1362675825.75,839422815.25,471995909.0,1419923.5,1350021949.75,2952711426.75,1230100084.5,856725719.75,119291960.75,4,0.9072299407425618,0.5115083714971931,6758.818154094119,0.00021810512739380076,0.20736800914602163,0.4535466184540505,0.18894759868189911,0.13159601362159257,0.01832365496904237
11650530,서초3동,10234530326.25,1240094.5,1050223.25,487969.5,0.4475297365397452,11~14,7998.5,172941.25,315028.25,239232.75,190379.5,124643.0,45207107.5,1133087182.25,2164422337.5,1792108313.0,1607405234.75,1181079948.0,127635294.5,1897216231.5,4580574963.25,1985226415.5,1352438095.75,291439325.75,4,0.9354462138447331,0.4646340670900211,8253.024528574233,0.012471045610430706,0.185374039747963,0.44756083740369873,0.19397337759683986,0.13214461754841877,0.028476082092648927
11650531,서초4동,5576357583.25,719660.75,649849.0,379250.5,0.35870516582828876,11~14,8184.75,172851.75,206398.75,119358.75,96881.5,46173.5,57949973.0,1118883321.25,1440548738.75,956445589.75,736149394.0,409948586.0,31309665.25,872259559.0,2000022874.0,1275506976.75,1135704850.5,261553657.75,4,0.9158559525039209,0.5835978819695037,7748.592073765312,0.005614716198266498,0.1564210232177456,0.3586611590346312,0.2287347892791717,0.20366427969242443,0.04690403257776053
11650540,잠원동,2377515858.0,307548.25,272873.75,148994.0,0.43546993306697934,11~14,3249.75,56350.5,92643.5,54805.0,38098.25,27726.75,19298134.0,336108300.25,595338100.75,406784119.0,302195531.5,243749200.75,11562423.25,385629198.0,1035755578.5,492074561.75,346461700.5,106032396.0,4,0.9261056075414746,0.5460180761249479,7730.545883450808,0.004863237067838729,0.1621983704976827,0.4356461282959821,0.20697004400380323,0.14572424378756763,0.04459797634712559
11650550,반포본동,61139722.0,6394.5,6025.5,2057.25,0.5563340683938127,11~14,0.0,254.25,1803.0,789.5,1529.5,1649.25,0.0,2573165.0,17724945.0,5865262.5,14540484.5,12596741.0,57744.5,11374376.75,35622908.5,13747849.25,336843.0,0.0,4,0.6657904947687203,0.3414239482200647,9561.298303229338,0.0009444678207728848,0.18603906556853497,0.5826475380440886,0.22485953158243016,0.005509396984173399,0.0
11650560,반포1동,1964837273.0,283787.75,266234.0,145826.5,0.2968984804179573,11~14,1738.5,48873.0,96953.5,55939.75,36872.25,25857.0,11597153.25,320164743.25,622671733.5,358260122.0,260871814.25,157673214.0,22242144.25,226912700.75,583278947.5,456229837.0,487210164.0,188963479.5,4,0.9673518760569539,0.5477380800348566,6923.615529563908,0.011320094827008098,0.11548676517294468,0.2968586536479044,0.23219726298423085,0.24796463844362343,0.09617258492428854
11650570,반포2동,202161553.5,17752.5,16537.5,5142.0,0.4122037391370097,11~14,360.25,1710.0,3432.0,4231.25,3608.5,3195.5,2083357.0,13527778.0,32425580.25,37522996.75,42389684.75,53472677.5,0.0,15216778.0,82612399.75,59423455.25,43887690.75,1021229.75,4,0.6992745467263786,0.3109297052154195,11387.779383185467,0.0,0.07527038517736756,0.40864545369651606,0.2939404363550263,0.21709217202864442,0.00505155274244566
11650580,반포3동,743714994.25,115142.0,110636.25,34208.0,0.29863559387012206,14~17,5075.25,15134.0,19074.0,29122.0,28144.25,14086.75,27259279.0,98023437.5,124198355.25,183753761.75,179548564.0,90492728.75,0.0,96662187.0,208848891.5,220986603.5,183816658.0,33400654.25,4,0.9507721546673118,0.30919341535889006,6459.111308210731,0.0,0.12997208305243202,0.2808184494257963,0.2971388303430054,0.24716008070453127,0.044910556474235024
11650581,반포4동,3367839814.75,478213.25,450077.75,143129.25,0.34057929551082056,11~14,10267.5,50586.25,92543.0,136211.25,93066.25,67403.5,43763908.5,288645653.75,650272746.25,858525487.5,608239799.75,475989675.75,11797626.0,720175377.75,1146309294.5,866601671.0,503293843.25,119662002.25,4,0.9153400529583905,0.3180100549293983,7042.548099095958,0.003503024683160519,0.2138389642511723,0.3403693042286491,0.2573167723727766,0.1494411465312997,0.035530787932941725
11650590,방배본동,4228052898.75,487056.0,457574.75,177605.75,0.32567940205801393,11~14,3514.0,64135.75,113470.0,115148.75,103974.25,57332.0,24811401.75,476271237.75,849224700.5,1015162049.25,891545387.0,573652735.5,72573.0,778006781.5,1374320058.75,937803432.0,875647788.75,262202264.75,4,0.9281658142850642,0.38814587124835886,8680.835260729773,1.716463860266644e-05,0.18401065458050758,0.32504798110645916,0.22180503755694644,0.2071042651828884,0.06201489693459574
11650600,방배1동,1906738180.75,216835.0,204186.0,91530.25,0.351100145345535,11~14,3681.25,35796.75,55733.5,43029.0,39485.75,26459.75,19159111.25,210026325.5,338651323.5,356535207.0,366390701.0,426354640.25,8801884.25,260313909.0,669154155.5,523094762.0,387139895.25,58233574.75,4,0.8944010656499156,0.4482689802435035,8793.498193326723,0.004616199716805299,0.13652315332438963,0.35094181375063965,0.27434010986985374,0.20303778419002533,0.030540939148286365
11650610,방배2동,2703725292.0,226004.0,210427.25,112463.0,0.31343511697735504,17~21,1440.5,45945.25,66517.75,37316.0,30761.0,28446.75,12743435.0,520859711.5,718314133.5,381786532.75,351816201.5,437570537.5,5327902.25,213478734.0,745161169.75,717490977.25,847685849.0,174580659.75,4,0.9658009471030436,0.5344507424775071,11963.17451018566,0.0019705782483762776,0.07895725746682108,0.2756053553054531,0.26537125623411895,0.3135251393727762,0.06457041337245441
11650620,방배3동,379620896.75,34981.5,32575.75,12488.5,0.3577935066246637,11~14,485.25,4568.5,7920.0,6045.25,6991.5,6565.25,2137242.75,31656459.0,60348950.25,50418124.5,53392669.5,96614916.5,7155804.5,41729973.5,135444010.5,78720001.0,70734707.25,45836400.0,4,0.9110341513565684,0.3833679961320921,10852.047417920901,0.01884986986033192,0.1099253857131088,0.3567875521594294,0.20736477278762974,0.18632985659001397,0.12074256288948614
11650621,방배4동,1515490664.5,145551.75,136851.75,62466.5,0.4305167415661012,11~14,1029.25,21985.75,40480.75,33830.75,25126.25,14399.0,7413118.5,206531291.75,410521572.75,317166550.25,248288470.5,161158095.5,1678499.5,190069459.5,652830276.0,381335881.25,256114647.75,33461900.5,4,0.9202692929896698,0.4564537903242012,10412.040147232858,0.001107561754960583,0.125417769935725,0.4307715588702658,0.2516253581646527,0.16899783928032241,0.022079911994073522
11650651,양재1동,4147221151.25,438312.0,367485.0,169431.75,0.47882335886307925,11~14,946.25,43623.5,125808.25,102098.5,55291.5,39717.0,6330927.25,318589691.0,989850177.5,831023185.0,502936599.0,463061913.5,50190611.5,723474515.5,1984820022.25,816012944.0,484759300.75,87963757.25,4,0.9362556482079023,0.46105759418751785,9461.801527792988,0.012102226929680906,0.1744480193157628,0.4785903499869454,0.19676137689306689,0.116887738336281,0.02121028853826306
11650652,양재2동,6099571247.0,666382.5,568049.0,263237.5,0.4272570315297207,11~14,4558.25,79001.75,184235.75,140312.5,97094.0,62846.75,25894277.25,570491128.75,1362774920.0,1101571595.75,815821318.75,580411104.5,27080061.0,1149996059.25,2606316448.5,1256441278.25,895058300.0,164679100.0,4,0.9291899865762911,0.46340632586273367,9153.258446912996,0.004439666314795323,0.188537195924322,0.42729502500391076,0.205988458429429,0.14674118290531052,0.02699847142223241
11650660,내곡동,483453435.5,107975.5,100940.5,47564.25,0.4379292513863771,11~14,134.75,15351.5,32212.75,27095.25,19394.25,6752.0,524577.0,58266201.75,133817713.75,119504021.5,87326968.5,24305108.0,0.0,176840749.25,211476211.5,90825021.5,4311453.25,0.0,4,0.908082990372118,0.47121076277609086,4477.436413816097,0.0,0.3657865189583496,0.4374282939602774,0.1878671549951164,0.00891803208625663,0.0
11680510,신사동,4899595728.5,455745.5,413223.5,242373.75,0.3044483657339674,11~14,7252.25,103368.25,139005.5,76616.5,58549.5,28431.5,59624298.5,1055539854.5,1423872593.25,796422062.0,585101032.5,318094928.5,80496101.25,495914404.25,1491802355.25,1303633289.75,1186138932.25,341610645.75,4,0.9336731122179865,0.5865439647067507,10750.727606745431,0.016429131240720485,0.10121537198780746,0.3044745807439733,0.2660695620593792,0.24208914326348588,0.06972221070463365
11680521,논현1동,6123524880.5,831200.75,745864.75,431741.0,0.3617492387822233,11~14,4661.25,157079.75,274661.25,138719.25,96776.25,73967.0,29660796.5,942728702.25,1740883674.25,949810941.5,697537821.75,534677272.75,93320085.0,1036607522.25,2209746184.25,1275441797.75,1149685838.75,358723452.5,4,0.9080239280126049,0.57884623184029,7367.0829585993515,0.015239602487314496,0.16928281381709004,0.3608617956769973,0.2082855581777039,0.18774902710220154,0.058581202738692786
11680531,논현2동,6398501578.75,841906.5,740948.25,439117.5,0.44469773204608043,11~14,4208.5,148687.75,290429.75,157802.75,93556.0,46263.5,24293951.0,871528141.75,1891350905.75,1078690339.75,682521083.5,365817920.25,20062454.75,1231499283.75,2844611980.0,1283464717.5,828554226.0,190308916.75,4,0.9325124287442538,0.5926426035826389,7600.014465679978,0.003135492662317881,0.19246682502039542,0.4445747094049664,0.20058832551710262,0.12949191553717876,0.029742731858038926
11680545,압구정동,4734273368.25,516873.25,467817.75,256032.75,0.3431345830507571,11~14,5962.5,91300.25,164732.5,100074.5,67367.5,38380.5,35580401.0,770877333.5,1433632607.5,902509673.5,548519747.5,345118065.25,75810247.0,753729191.5,1624764415.75,1251405094.75,870698795.0,157865624.25,4,0.9323060835188867,0.5472916536407607,9159.447443352892,0.01601306918785361,0.15920694325655557,0.3431919302857211,0.26432886261753313,0.18391392453998687,0.03334527011234973
11680565,청담동,2919315487.75,231566.25,201656.25,111680.5,0.31224743116816517,11~14,995.0,32577.75,79102.75,43268.75,29082.25,16629.75,7104871.0,439340538.5,935808161.5,470973906.0,316744160.5,209556501.75,428910904.0,650518678.5,911587855.25,554780095.5,293344845.75,80173108.75,4,0.9144456170758462,0.5538162095149542,12606.826287293594,0.14692173757848073,0.22283260621529238,0.312260822468553,0.1900377324163703,0.10048411930157274,0.027462982019730835
11680580,삼성1동,9607879141.75,936610.25,800127.5,452279.75,0.3915950924452994,11~14,4859.5,145410.25,306869.5,190370.25,101472.25,51145.75,44177982.0,1185508309.5,2651308743.0,1779840656.75,985032362.25,561398002.5,8967435.25,1634109610.25,3768603224.5,2531825000.75,1497194515.75,167179355.25,4,0.8912648203879245,0.5652595992513693,10258.140076675436,0.0009333418039193457,0.17008015880936234,0.3922409065413762,0.2635154921701948,0.1558298656405973,0.017400235034549943
11680590,삼성2동,5300195334.0,573568.25,480543.75,251666.75,0.49202493957946686,11~14,2326.75,72063.0,179603.75,113208.0,78027.0,35315.25,16751469.25,512336154.25,1308444915.25,921269437.0,751921349.0,346718607.0,49270000.0,895538633.5,2612553619.75,917668412.5,716616696.75,108547971.5,4,0.9078820475120517,0.5237124611442767,9240.740459396071,0.009295883810911638,0.16896332626747676,0.4929164785665237,0.17313860238570597,0.13520571442961843,0.020479994539763503
11680600,대치1동,2391805683.75,336882.75,328891.75,77004.25,0.32128284121037237,11~14,24721.0,36930.75,40073.5,108760.0,93106.5,25300.0,134987001.5,212514799.5,252569189.0,796998871.25,640739155.5,223706251.0,711624.5,382999524.75,767438770.75,628519418.25,547407718.5,64728627.0,4,0.9087162804680361,0.23413250712430458,7099.816430939251,0.00029752605106459873,0.1601298664653698,0.3208616719844769,0.2627803013096674,0.22886797293739394,0.02706266125202739
11680610,대치2동,6769534638.75,1123451.75,1052371.0,385720.0,0.41890477949569505,11~14,64966.75,136279.25,249440.75,305502.75,243457.75,52723.75,215110474.5,674581763.0,1506487109.25,1772519990.75,1186056496.5,310149934.75,11851750.0,1440031144.0,2825007318.5,1265954528.0,1089533687.5,137156210.75,4,0.8801793416059052,0.36652473319770307,6025.656766078294,0.0017507481137859183,0.21272232447958977,0.4173118935427502,0.1870076150808735,0.1609466153350215,0.020260803447979106
11680630,대치4동,8250723453.75,948109.5,821841.75,318030.25,0.36852760274861873,11~14,37269.25,112734.0,205296.25,227267.5,183243.25,56031.5,193230647.0,808653341.25,1553999966.0,1780999078.25,1384768888.75,513655743.25,45485661.75,1594454303.0,3041823800.25,1936104466.25,1382116035.0,250739187.5,4,0.9103048335690783,0.3869726136449018,8702.289612908635,0.005512930109095647,0.19325024186519202,0.3686735856923521,0.23465875169649877,0.16751452678635356,0.03038996385050788
11680640,역삼1동,36358511696.5,4057955.25,3647683.0,2315333.75,0.37058580619153025,11~14,45026.75,931692.75,1383641.0,650039.5,438982.5,198300.5,369293845.75,8077323621.0,11030700897.5,5252825826.25,3711895154.75,1831278158.5,711770570.5,4945263734.25,13478168789.0,7565224526.25,7711891360.5,1946192716.0,4,0.9495654721442518,0.6347409437717039,8959.810903902895,0.0195764495654127,0.13601392090881564,0.3707018841009781,0.20807299785536204,0.21210690428899964,0.05352784328043184
11680650,역삼2동,4412300346.0,619651.25,536697.5,276477.5,0.4453322320712598,11~14,2966.5,87776.25,188701.25,128163.25,93558.75,35531.5,15272130.25,528910090.0,1155701166.5,839738553.5,604199962.5,251430616.0,56019301.75,1031329953.5,1968086557.0,792543068.25,425912809.5,138408656.0,4,0.9027305652224019,0.5151458689485231,7120.618809370593,0.012696166932694115,0.23373974403962752,0.4460454644217912,0.17962128733337138,0.09652851712284592,0.03136882014966984
11680655,도곡1동,907846654.75,126775.0,102945.75,52496.0,0.505933839985004,11~14,989.25,17760.5,34735.5,23813.75,17035.0,8611.75,4802519.0,91303428.0,193245524.5,147541278.25,111837787.5,60780659.75,1569681.25,183278019.75,459057914.25,159155337.5,98897437.25,5888264.75,4,0.9261307414610516,0.5099384870186482,7161.0858193650165,0.0017290158440163598,0.20188213371835415,0.5056557865231259,0.17531081561767467,0.10893627985800539,0.006485968438823506
11680656,도곡2동,2893623511.5,224973.75,196705.25,97045.0,0.3989655933049879,11~14,1239.75,35484.75,61560.25,40526.75,35296.75,22597.0,9765140.75,402217100.5,700053645.0,524131399.75,443915757.75,333007698.25,7369.0,287922280.0,1154814611.75,650898875.75,701174838.5,98805536.5,4,0.9671939714851032,0.4933523634981781,12862.049512443118,2.546633993922744e-06,0.09950232946882108,0.39908944863091944,0.22494248929176908,0.24231723156566562,0.034145954408830836
11680670,개포2동,447021410.25,89737.5,87211.5,29545.75,0.29512780780091297,11~14,2721.0,13427.75,16118.0,23999.75,18521.75,12423.25,12085134.5,59838298.25,75111124.25,115914008.75,90411885.75,68528499.75,45170.0,73976928.25,131511919.5,120291516.0,103341523.0,17854353.5,4,0.8807160249592498,0.33878272934188725,4981.433740075219,0.00010104661424323803,0.165488557267599,0.29419601943998835,0.2690956478633229,0.231178016601499,0.0399407122133475
11680690,개포4동,735141441.25,83760.0,74978.0,26513.75,0.39655321471493654,11~14,880.5,7800.5,18713.25,18628.25,15948.25,13007.25,4813360.75,51240640.0,144558196.5,158087963.5,135670319.0,119642365.25,134603.25,111948941.0,291043938.5,188840992.0,120337647.25,22835319.25,4,0.9584437539922052,0.35362039531595935,8776.760282354346,0.0001830984385414689,0.15228217961654736,0.3959019614036757,0.25687708705266793,0.16369318949749795,0.03106248399106966
11680700,세곡동,1456158072.75,204883.75,189563.0,91630.75,0.4162389945583881,11~14,1057.5,25646.5,65984.25,54410.5,25101.5,17362.75,4299224.75,131291743.25,379856757.25,377222024.75,218899066.25,124996256.5,728197.25,268209183.75,606861022.25,315893275.25,242371673.0,22094721.25,4,0.9260047736885915,0.4833788766795208,7107.2404363450005,0.0005000811818628844,0.18418960741224927,0.4167549070437964,0.21693611508359506,0.16644599067618637,0.01517329860231
11680720,일원본동,864038085.25,96178.25,93608.25,21088.75,0.38145061735728564,11~14,307.0,6511.0,14577.75,24168.5,21890.25,26153.75,1371102.5,55560405.0,117767605.75,184146379.25,188428848.75,216077602.0,278083.75,276181639.5,329337908.0,192233649.75,64133099.5,1873704.75,4,0.9535497517490306,0.22528730106587827,8983.716019474257,0.00032184200528561133,0.31964058554211744,0.3811613326103671,0.222482843096412,0.07422485257862654,0.002168544167191269
11680730,일원1동,619356933.25,84218.75,80802.5,33856.75,0.3461540974377713,11~14,940.75,10330.75,23526.0,20342.0,16031.0,9632.0,4998162.0,62095773.75,154811921.25,149674715.0,125572136.5,67860803.0,24809.25,97989995.75,214166025.5,158158683.0,137896482.75,11120937.0,4,0.8938920115759993,0.4190062188669905,7354.1454040816325,4.0056466099146554e-05,0.1582124789268273,0.3457877259501882,0.25535951001643203,0.2226446098316927,0.017955618808760627
11680740,일원2동,157785477.0,27369.5,25420.0,12064.75,0.3807522223567661,11~14,114.0,2980.5,9084.25,6429.75,4452.25,2359.25,646114.5,17050214.75,43498855.25,36251187.25,29227526.5,13933885.5,0.0,46780498.25,60102796.75,34883690.25,14873269.5,1145222.25,4,0.9227817017533764,0.4746164437450826,5765.011308208042,0.0,0.2964816479909618,0.38091463100878414,0.22108302305921348,0.09426260124054384,0.007258096700496713
11680750,수서동,2508469381.0,395116.75,371967.25,147218.25,0.3500293205069409,11~14,4203.0,43839.25,103379.0,94980.5,66508.25,59057.25,19296006.0,255317809.5,622613552.75,553435116.5,411108384.0,382176042.5,56234.5,519120437.5,878260896.0,530484192.75,502775879.0,77771741.25,4,0.9097737374464302,0.395782827654854,6348.678918319712,2.2417853861776917e-05,0.2069470895008704,0.3501182444769893,0.21147724455720593,0.20043133984739678,0.031003663763675814
11710510,풍납1동,20130522.75,2192.75,2160.25,322.75,0.5114271547531515,11~14,0.0,92.25,230.5,229.0,562.75,1045.75,0.0,607034.5,1503361.0,2248788.0,5008995.5,10409572.5,0.0,723402.75,9830392.25,6728618.0,2848109.75,0.0,4,0.7965233650681464,0.14940400416618446,9180.491506099646,0.0,0.03593561672411115,0.4883326862438284,0.33424954153264597,0.14148215549941445,0.0
11710520,풍납2동,316120345.25,28518.75,27486.75,7419.0,0.3886826357404979,11~14,71.25,2098.75,5320.25,7838.5,5632.25,6525.75,647878.25,18137271.75,47783913.0,86750079.75,62790212.5,80672916.25,0.0,41613481.75,122781706.5,89247672.5,58349592.5,4127892.0,4,0.9673865663784657,0.2699118666266474,11084.649406092483,0.0,0.13163810041106488,0.38840178541150067,0.28232182408069795,0.1845803137215193,0.013057976375217184
11710531,거여1동,349978252.75,30700.0,30127.0,10470.75,0.34789510627096953,17~21,342.25,3183.25,7287.5,6401.0,7080.75,5832.25,2526531.0,25849148.25,61118436.5,56878595.25,74812133.5,119246542.25,411264.0,34503104.0,82957622.25,94338205.5,115458825.5,22309231.5,4,0.9515660376493267,0.3475536893816178,11399.943086319217,0.0011751130156472272,0.09858642281023845,0.23703650612045066,0.26955447876753824,0.3299028570854536,0.06374462220067187
11710532,거여2동,158696716.0,23446.25,22878.25,8836.75,0.2925529778303464,11~14,394.0,4061.5,4775.25,4711.0,5599.25,3337.25,2532354.75,25359528.75,31836675.75,29386665.25,36775145.75,24960033.75,103784.75,16526992.75,43514971.25,40540743.25,45356457.25,12653766.75,4,0.6847450432588692,0.3862511337187066,6768.532963693555,0.0006539817118836914,0.10414199591880653,0.27420209029404236,0.25546050524448155,0.2858058968907712,0.07973552994001464
11710540,마천1동,182750070.0,37808.0,37186.0,14930.0,0.30692378469001474,11~14,482.5,6255.5,8674.5,7604.25,7044.25,7125.0,1891820.5,27261873.0,37150889.75,35659342.25,33908460.75,38220163.0,0.0,44252008.5,56196614.25,48489229.5,32938350.75,873867.0,4,0.9194488175698079,0.4014951863604582,4833.634944985189,0.0,0.2421449606011095,0.30750529534680887,0.26533083954495884,0.18023714436880928,0.00478176013831349
11710550,마천2동,949204884.5,95562.25,93474.25,37806.0,0.3071960225369247,11~14,957.5,13140.25,24665.75,19387.25,20572.25,14751.25,6537633.25,111654297.5,215713582.25,181677137.0,254783161.75,143095017.5,0.0,133708749.75,292331445.25,251377563.5,243123318.75,28663807.25,4,0.9710988246559976,0.4044536329523906,9932.843612409712,0.0,0.14086395037930297,0.3079750747426753,0.2648296143486607,0.2561336574643385,0.03019770306502252
11710561,방이1동,537035286.5,57343.75,53846.25,20999.25,0.36955160627701805,11~14,923.25,7231.75,13767.5,12871.5,11017.5,8034.75,4777494.5,50338558.0,101969655.0,112848541.0,107766190.25,93662254.25,6251197.25,64512712.75,198012567.25,160262854.0,97514752.75,10481202.5,4,0.919810571330782,0.389985375026116,9365.193007084468,0.011640198339183063,0.12012751186322651,0.36871425812724506,0.2984214594993843,0.18157978665709149,0.01951678551386958
11710562,방이2동,3541156477.25,422840.75,402222.75,236344.25,0.28250060552557416,17~21,5273.5,96235.25,140109.0,67629.0,54458.25,38517.75,40322380.25,785114717.75,1107619753.5,549035130.5,462582872.75,346689094.75,69802667.0,342755461.75,928460171.5,849599539.75,1000216632.0,350322005.25,4,0.9226627641454164,0.5875954306413548,8374.681194397654,0.019711827886862408,0.09679195594772978,0.26219122974792286,0.2399214903967712,0.2824547964558603,0.09892869956485344
11710566,오륜동,617721020.0,60996.5,58528.75,26397.5,0.3530132304569413,11~14,1053.0,11591.75,14805.75,13161.25,9519.25,8397.75,7969993.25,98173780.25,141084915.25,133179943.5,97696175.5,97641664.25,0.0,64781295.0,206577040.0,214677590.0,122749842.25,8935252.75,4,0.9050755355844463,0.45101766226000045,10127.155164640593,0.0,0.10487144342279303,0.33441801931881804,0.3475316251987022,0.19871404448888594,0.014464867570800812
11710570,오금동,2831321963.25,519098.0,506961.75,205822.25,0.32884843095195637,11~14,13983.25,75309.5,130512.75,99010.0,101539.75,86606.5,56250529.75,324151757.75,591049238.25,517378053.25,594312208.75,567506235.75,18292939.75,536612765.5,928942893.75,737624536.5,509353826.5,100495001.25,4,0.8756688783432242,0.4059916749143303,5454.311061206169,0.006460918252123476,0.18952728529822033,0.32809511097907457,0.2605230157764538,0.17989964868401126,0.035494021010116575
11710580,송파1동,2643086562.5,235454.75,229956.25,152157.75,0.3155648461734455,14~17,3564.25,72462.5,79695.25,32528.75,26846.25,14859.25,34826026.25,909342314.25,880659326.25,318017967.25,273059908.25,140788990.5,2070428.25,146230818.5,747742253.25,796528339.75,819308114.5,131206608.25,4,0.9347112525527302,0.661681298073003,11225.454413215279,0.0007833372842854064,0.0553257772842996,0.2829049429780074,0.30136294098388994,0.30998156705281954,0.04964143441669819
11710590,송파2동,773274107.25,115253.75,110993.0,49383.75,0.30092879909962167,11~14,1759.5,14447.5,34936.25,28399.75,21001.0,10449.0,7987610.75,86665299.0,216472600.25,179366293.5,136124532.75,93144687.0,12406335.75,144081121.5,232604063.75,201088510.25,133899856.0,49194220.0,4,0.9145928199005432,0.4449267070896363,6709.318414802121,0.016043904268462753,0.18632606490911313,0.3008041541403881,0.26004816191910585,0.1731596270256468,0.0636180877372834
11710600,석촌동,2985356466.0,311031.25,298090.5,149483.75,0.290026377505718,11~14,3293.25,53639.75,95844.0,55624.75,51182.0,38506.75,20394490.25,475529140.0,840394710.0,497358267.5,521833677.0,393241322.25,13726201.5,389735933.25,868442954.75,754435595.75,708228023.0,250787757.75,4,0.8819921074314717,0.5014710297711601,9598.252477845876,0.004597843392012537,0.13054921169001865,0.2909009241076004,0.2527120644861712,0.23723398899459935,0.08400596732959795
11710610,삼전동,1286784421.5,196007.25,190355.0,88405.25,0.287025336565179,11~14,3354.5,27956.5,60448.75,47503.25,35048.75,16043.25,16646214.25,174393655.75,384685677.25,301336549.25,215386416.0,111810535.5,9732728.0,210649388.25,369528109.5,339190868.25,282569769.5,75113558.0,4,0.9019035253279886,0.4644230516666229,6564.983802895046,0.007563604157295123,0.16370215921983788,0.2871717308088346,0.2635957216940864,0.21959371342917677,0.05837307069076916
11710620,가락본동,1945233119.0,306871.5,284953.5,136009.5,0.39454266352273815,11~14,1255.25,42669.0,93340.5,59949.25,51292.75,36446.75,7294301.0,230810023.5,522555270.5,359164815.5,312959902.0,224785781.25,18477564.0,375900796.0,766929752.5,424053673.25,307989358.75,51881974.5,4,0.9289132006605014,0.4773041917365465,6338.917491523325,0.009498894409888978,0.1932420296202041,0.394261101669018,0.2179963260485696,0.15833030794187294,0.026671340310446358
11710631,가락1동,969683346.25,145567.25,131597.25,50527.5,0.2761193486670999,11~14,319.5,11715.0,38812.5,35033.0,23763.5,21953.75,1791437.25,66526292.0,236296372.5,201067280.5,146549044.5,181580498.25,50193541.75,155626714.25,267066162.0,206483473.75,211299915.75,79013538.75,4,0.9251047301215437,0.3839555917771838,6661.41145243865,0.05176281715480684,0.16049230385552782,0.2754158489292504,0.21293907392399955,0.21790609951913464,0.08148385661728075
11710632,가락2동,712421079.75,100800.0,97013.5,38785.5,0.3492759282065467,11~14,1627.0,12402.25,26383.25,23703.0,19838.5,13059.5,9532473.25,74325071.0,159890540.75,167015355.0,136710513.25,107006607.0,2067393.75,109387805.0,248388083.25,183664124.75,147794861.75,21118811.25,4,0.9339411431498987,0.3997948739093013,7067.669441964285,0.0029019266958320235,0.15354375117365412,0.34865347237782934,0.2578027657666316,0.2074543636494636,0.029643720336589324
11710641,문정1동,368069210.75,50131.0,47257.5,24007.0,0.4262420349382212,11~14,523.75,7233.25,16773.75,9582.0,6733.25,6411.5,3320006.5,45005169.75,105209252.0,74780406.75,43504888.25,45051505.5,719663.0,42310820.5,157333542.5,93399710.75,64843592.5,9461881.5,4,0.9226668539829772,0.5080040205258425,7342.147787795974,0.0019552382513429237,0.11495343610454382,0.42745640739524965,0.253755837277677,0.17617228120730552,0.025706799763881093
11710642,문정2동,4715145985.25,706791.0,632636.75,319463.5,0.40548399325024637,11~14,2512.0,90708.0,228755.5,161886.25,97134.25,51640.75,15529079.75,529450319.0,1406389108.75,1005902611.5,680547002.25,342084673.5,1340162.0,970782753.25,1911397947.25,1041431670.5,704260427.25,85933025.0,4,0.9415528500695934,0.5049714547882336,6671.2026401722715,0.0002842249220262358,0.20588604388640758,0.405374076058147,0.22086944365197267,0.1493613197667855,0.018224891714661042
11710646,장지동,729899249.25,112188.5,106817.75,46705.0,0.33631831277016816,11~14,1100.5,13579.75,33125.25,27237.5,18128.75,13646.0,4546520.75,76214150.25,188962059.75,158660934.25,123703097.75,96372735.0,357050.25,153671469.5,244742800.5,190394498.5,127958757.0,12774673.5,4,0.9048166386223724,0.4372400654385624,6506.0077392067815,0.0004891774451979271,0.21053791966206767,0.3353103880453128,0.26085038270095195,0.17531016387738804,0.017501968269081625
11710647,위례동,2650874576.5,241014.25,228967.0,99173.25,0.33479423103495787,11~14,2177.25,31360.0,67813.25,76562.5,31679.0,19375.0,16444568.0,256635515.0,768470856.0,869232824.25,355400858.5,206578236.0,493467.5,446036836.0,885407482.25,756121242.25,495730271.5,67085277.0,4,0.8823384684165394,0.43313337729891205,10998.829224827992,0.00018615271517354642,0.16826025642786574,0.3340057994818526,0.28523463499669655,0.1870063095005129,0.025306846877898675
11710650,잠실본동,3949830170.0,545199.75,525580.25,273439.0,0.2756936055486005,17~21,12295.75,119525.75,153913.25,106568.75,85875.0,47401.75,87920943.25,843590589.0,1031175316.25,790745881.75,604111324.0,357076583.25,16044126.75,447436931.0,1051286282.75,987859217.0,1087820204.5,359383408.0,4,0.9431994929121718,0.5202611780027884,7244.7395106105605,0.004061978885031404,0.11328004287333701,0.2661598695394035,0.25010169411916766,0.2754093613346419,0.09098705324841852
11710670,잠실2동,3592673817.25,523438.75,510672.25,170209.25,0.35466285717183155,11~14,8453.0,63553.75,106655.5,185015.25,104625.25,42369.5,44302706.25,422839175.25,741669512.25,1258717068.25,690909369.25,274148655.0,200249.5,458554635.75,1097877227.5,1257192194.75,726527447.5,52322062.25,4,0.852391168757092,0.33330428665352385,6863.599260180871,5.573829136352832e-05,0.1276360335158395,0.3055877831793721,0.34993218385528624,0.20222471742678771,0.014563543731350971
11710680,잠실3동,1852076212.75,290263.75,277899.5,109124.75,0.3433429378239735,11~14,3612.5,35446.5,73678.25,76761.0,47040.25,41361.0,18350970.75,186361814.25,440049055.25,488384167.25,302824704.25,292489518.0,0.0,276244537.5,636199941.0,563549125.5,345602706.5,30479902.25,4,0.9305811714256506,0.39267702892592465,6380.666592883197,0.0,0.14915397951676435,0.3435063506675881,0.30427966280244534,0.18660285366272383,0.016457153350478395
11710690,잠실4동,129124600.5,23080.25,21840.25,7273.75,0.31872330356847833,11~14,272.0,1886.5,5387.25,8154.5,4160.0,1980.0,1411089.25,8848038.5,26891006.5,45698714.0,21539225.0,10229877.5,117082.25,25926418.5,40844820.75,37421064.75,20325670.75,4489543.5,4,0.8540196861699905,0.3330433488627649,5594.592801204493,0.0009067385265598556,0.20078605006022845,0.3163209844742172,0.28980585113213964,0.15741129630832817,0.034769079498526693
11710710,잠실6동,7267061135.5,843237.0,768532.25,395866.5,0.39391251262016247,11~14,5009.5,140308.5,255558.0,176625.25,125052.5,65978.5,39797597.0,1001415206.5,2044563275.5,1492545207.25,1023281178.5,635721455.25,151063.5,1394730622.0,2863731577.0,1786960083.25,1110699053.75,110788736.0,4,0.9415408420568997,0.5150941941603622,8618.052973837723,2.0787426606616304e-05,0.1919249881064937,0.3940701094436252,0.24589858953031235,0.1528401967508121,0.015245328742150087
11710720,잠실7동,40699808.25,2328.75,2154.25,424.25,0.4040022762944131,11~14,0.0,127.75,296.5,650.25,649.0,430.75,0.0,1845368.25,4618973.5,9288154.0,10491007.0,10203742.25,0.0,5470985.5,16147946.25,15193340.25,3606004.25,281532.0,4,0.7394275208658259,0.19693628873157712,17477.10499194847,0.0,0.13442288146406686,0.3967573053615062,0.37330250198414633,0.08860003044363238,0.006917280746648235
11740515,강일동,928931091.25,164701.5,161938.5,75027.75,0.3729894651549729,06~11,616.0,21169.75,53858.0,49000.0,25348.75,11946.0,2857039.75,99839086.0,285163145.25,284760906.0,150354514.5,69644007.5,671619.75,312418480.0,336401451.0,176672065.25,93734353.25,9033122.0,4,0.8943134685468663,0.463310145518206,5640.08883495293,0.0007230027677254796,0.33632040411049163,0.3621382190441352,0.19018855856386968,0.1009056044446397,0.009724211069138332
11740520,상일동,1024601653.75,116351.5,110156.0,32333.75,0.38560530027524886,11~14,287.5,9106.75,23227.0,30814.5,23917.0,22803.25,1442210.25,64080206.0,192893386.25,262145673.75,190946831.5,175751713.5,9585751.25,327332573.25,394903947.0,234582873.5,46097745.25,12098763.5,4,0.9725943544367529,0.2935269072951088,8806.088909468292,0.009355588305871403,0.3194730089025098,0.3854219301273502,0.22895031707340732,0.04499089483340588,0.01180826075745537
11740530,명일1동,1517808333.75,176833.5,174633.25,55339.5,0.27868389721003883,06~11,1732.75,18184.0,37155.5,39993.0,41893.0,35675.0,8793859.0,107148705.75,266379519.0,330405348.25,389031245.5,370651999.25,866840.0,418708176.25,416988785.75,375828261.75,278788596.0,26627674.0,4,0.9342421409115399,0.3168898248185841,8583.262412099517,0.0005711129532793686,0.27586366930501116,0.2747308579600161,0.24761246423087774,0.18367839324692994,0.017543502303885673
11740540,명일2동,2070830697.75,358459.25,354535.25,117293.75,0.32489688828164187,11~14,15242.75,46587.0,70706.75,104836.25,78297.0,38865.5,71220852.0,243819499.5,388311702.0,646260314.0,444383684.5,212319656.0,407176.75,328673377.75,671743200.5,562201861.75,457818728.25,49986352.75,4,0.9150285325801454,0.3308380478386846,5777.032390013649,0.00019662483777278648,0.1587157164065176,0.3243834472947802,0.2714861540157985,0.22107974772994693,0.024138309715183957
11740550,고덕1동,12848249.75,1490.25,1453.25,384.25,0.3926009652364585,11~14,7.25,65.25,319.0,298.25,421.0,342.5,51397.25,538394.0,3152736.25,2449128.0,3610075.5,2717707.5,13875.0,3712595.0,4990428.5,3078571.75,821209.75,231569.75,4,0.8677972306867151,0.26440736280750043,8621.539842308337,0.0010799136279243016,0.2889572566099908,0.3884130988347265,0.2396102044949741,0.063916079308779,0.018023447123605298
11740560,고덕2동,78513431.75,8002.0,7892.0,3619.5,0.33049719403638944,14~17,63.0,1262.75,2356.75,2055.75,1317.75,836.0,489354.5,12151424.0,22331231.75,20455522.5,13138123.0,7715734.75,0.0,12642564.75,23671590.0,24973895.5,14985047.25,2240334.25,4,0.9272174614887693,0.4586289913836797,9811.726037240689,0.0,0.16102422818882833,0.3014973294680881,0.31808437032176984,0.19085966459490544,0.028534407426408285
11740570,암사1동,341149458.5,55228.5,54721.25,25426.0,0.32172376777192846,11~14,293.25,6649.75,18776.25,10983.0,11482.0,6537.0,1433816.75,36657282.25,93183428.75,82705707.5,66072718.75,53655810.75,31084.5,56741008.75,108346735.25,94249817.5,76893925.75,4886886.75,4,0.8994453251897477,0.46464581858053317,6177.054573272857,9.111695541501204e-05,0.16632302158556703,0.31759316203047705,0.27627133841691265,0.225396593294021,0.014324767717607267
11740580,암사2동,182940428.5,34848.75,34196.25,15019.75,0.2917845562246808,11~14,321.75,4361.5,10658.25,7328.75,7121.5,4404.5,1451693.5,19950506.0,47944873.75,36399031.0,35871338.0,30572654.75,2117616.75,26530533.75,51870620.0,50017976.5,41731895.25,10671786.25,4,0.9000618486867482,0.43922213693021894,5249.5549625165895,0.011575444352914042,0.14502280314709112,0.283538310395944,0.2734112787977864,0.22811740188965393,0.058334761416610544
11740590,암사3동,394498046.75,72168.0,70994.25,21341.5,0.3276203839698756,11~14,964.25,6496.5,14845.0,26149.0,14895.0,7644.5,4252142.5,27408967.5,76459082.0,149708706.25,79214656.75,43956274.5,31143.0,87383398.75,129105446.75,115885888.25,58749218.75,3342951.25,4,0.8987220120632347,0.30060885212534816,5466.384640699479,7.894335664413528e-05,0.22150527605875908,0.32726511021692406,0.29375529031057235,0.14892144393107823,0.00847393612602215
11740600,천호1동,516216518.75,72445.25,70537.25,31716.75,0.2867777753288175,11~14,731.25,10969.75,20747.0,15583.25,14533.75,7972.25,4907376.5,73889037.5,142233672.75,107401197.0,100687973.5,63624024.75,14018509.0,73790361.75,148051420.5,122686522.75,117090219.75,40579485.0,4,0.9464962475629106,0.4496454001254656,7125.6089081064665,0.027156258063855302,0.14294459605570303,0.2868010129906367,0.2376648524287465,0.2268238529707066,0.07860942749035188
11740610,천호2동,1999239351.75,366717.25,361858.5,186432.5,0.26870342176451106,11~14,5059.25,74954.75,111477.75,64151.5,66139.5,40075.75,30142183.25,443110635.0,586975373.0,328355813.25,314130210.75,244336391.5,39944491.25,267895017.75,524276798.25,495792325.25,518920149.5,152410569.75,4,0.8973828497153269,0.5152082927442633,5451.718869919536,0.019979844441854983,0.13399847172651072,0.26223813461408874,0.24799047938708121,0.25955879122015685,0.07623427861030747
11740620,천호3동,300248608.5,33158.5,32248.25,19004.5,0.26712159404526914,11~14,331.25,7364.75,11639.75,5146.25,4751.5,3014.75,3125853.25,64856273.75,98947693.25,46552432.0,43481418.5,28959377.75,5916533.0,38133200.25,77785477.5,69561582.0,70749861.0,38101954.75,4,0.9829129956402894,0.5893188002449745,9054.951475488939,0.019705446861379875,0.12700541874451352,0.2590702347917792,0.23167994798550415,0.2356375983004764,0.12690135331634683
11740640,성내1동,1370834292.25,171737.0,161982.75,78123.25,0.37195734669857977,11~14,955.5,23712.5,54410.75,37670.75,26781.25,18452.0,6042151.0,162259089.5,392376001.0,296928316.75,215407760.75,154922899.75,53395.5,235123525.25,509653033.75,366808979.25,237120455.75,22074902.75,4,0.925533209707965,0.48229363929183816,7982.172113464192,3.895109737323541e-05,0.17151856105385518,0.3717831080177371,0.26758083112142106,0.17297528745126853,0.016103261258344846
11740650,성내2동,1194758812.5,192580.5,185825.75,108298.0,0.28915186295794393,11~14,1655.25,40073.75,68224.25,32997.5,25134.5,17740.5,8611107.0,238145066.5,396029499.0,186456058.5,154239970.5,123295690.25,2729314.5,179593399.75,343582610.75,306157839.75,295939692.0,66755955.75,4,0.883127599550863,0.58279328887412,6203.944908752444,0.002284406251240771,0.15031770251119198,0.28757487047202673,0.25625074830741207,0.247698270901015,0.05587400155711344
11740660,성내3동,1373925427.75,206773.25,200255.0,89281.25,0.35156956282926116,11~14,2452.0,31758.0,57523.25,45925.0,36313.0,26283.75,11998117.0,187325985.25,358613124.0,297343691.5,242197267.25,178526484.0,5600645.5,229653258.5,482168755.25,351462336.75,263592914.75,41447517.0,4,0.9295706162904162,0.44583780679633467,6644.599471885265,0.0040763824490619265,0.1671511814699362,0.3509424496492655,0.25580888864220963,0.1918538731622947,0.030167224627231957
11740685,길동,2954322157.0,390138.5,373314.0,174818.25,0.3574328009263939,11~14,3578.75,62388.0,112430.25,78857.5,65602.25,50457.25,16781969.75,364522490.25,741720184.5,539390315.75,482928465.25,428012928.0,6301239.0,453890244.75,1058270413.25,628638533.75,668331657.25,138890069.0,4,0.9078041415963538,0.46828742024140535,7572.49581110298,0.0021328882447940833,0.1536360019757994,0.35821090490843177,0.21278604713453395,0.226221658212341,0.047012499524099804
11740690,둔촌1동,452142007.3333333,74541.33333333333,72027.0,28593.0,0.31867601459120976,11~14,548.3333333333334,6592.0,22001.0,23197.0,10880.666666666666,8808.0,2745844.3333333335,35647838.666666664,129366484.66666667,142290932.0,64619120.666666664,50662535.666666664,243165.33333333334,78972760.33333333,144086833.0,127561793.66666667,88117006.66666667,13160449.0,3,0.9288718263283067,0.39697613394976883,6065.654947590599,0.0005378074352513418,0.17466362127930335,0.31867605898819895,0.28212772004752945,0.19488790078667484,0.02910689293750515
11740700,둔촌2동,600990114.0,77742.0,75163.0,31946.0,0.3715755082849955,11~14,406.25,11253.5,20692.5,17349.5,14960.5,10500.75,2262211.5,83332946.75,150110530.0,124400372.25,114408595.75,86855438.75,113821.5,78243930.25,223417738.0,151224808.5,132710879.5,15278936.25,4,0.9520186948115861,0.4250229501217354,7730.571814463225,0.0001893899705644742,0.1301917093597982,0.37174943945916555,0.2516261165986501,0.22082040354494084,0.025422941066880846
